101,1,Masculino,Menos de 1 año,30 a 39 años,Cadena de Suministro,,Bueno,,,,,Bueno,,Regular,Regular,Bueno,Regular,,,,,,,,Bueno,,SER EQUITATIVO EN CUANTO A SERVICIOS Y ATENCION ,FOMENTANDO UNA SINERGIA EN LAS DIFERENTES AREAS,
102,1,Femenino,1 a 5 años,30 a 39 años,Capital Humano,Bueno,,Regular,Bueno,Regular,,Bueno,Excelente,Excelente,Bueno,,,Bueno,Bueno,Bueno,Bueno,,,,,"Cuentas por pagar no tiene definidos algunos procesos, y cuando preguntas te dan indicaciones que posteriormente cambian.","Siendo objetivos en las decisiones tomadas, basadas en hechos por el bien de la organización",Cumpliendo con los objetivos asignados y apoyando a las otras areas para que la empresa tenga mejores resultados.,
103,1,Femenino,1 a 5 años,20 a 29 años,Administración y Finanzas,Bueno,Bueno,Bueno,Bueno,Malo,Regular,Bueno,Bueno,Regular,Bueno,,,Bueno,,,,,,,,,"FOMENTANDO EL TRABAJO EN EQUIPO, ",DANDO OPINIONES SOBRE QUE ES LO QUE NO ES DEL AGRADO DE CADA AREA.,
104,1,Masculino,5 años en adelante,30 a 39 años,Manufactura,,,,,,,,,,,,,,,,,,,,,, TRABAJANDO CON VALORES Y QUE NOS TRATEN CON RESPETO,S/C,
105,1,Masculino,5 años en adelante,30 a 39 años,Cadena de Suministro,Excelente,Excelente,Excelente,Excelente,Excelente,Excelente,Excelente,Excelente,Excelente,Bueno,Excelente,Excelente,Excelente,Excelente,Excelente,Excelente,Excelente,Excelente,Excelente,Excelente,,es muy bueno,es muy bueno,
106,1,Masculino,5 años en adelante,30 a 39 años,Dirección General,Bueno,Bueno,Bueno,,,,Bueno,Bueno,Bueno,Bueno,,Bueno,Bueno,,,,,,,,,Seguir mejorando la comunicación interna e involucrando al personal,Participando en las actividades que sea requerido y aportando sugerencias de las oportunidades de mejora.,
107,1,Masculino,5 años en adelante,30 a 39 años,Manufactura,Bueno,,,,Regular,,Regular,Bueno,Bueno,Regular,,,Regular,Regular,Regular,,Regular,Regular,,,,Tomando en cuenta opiniones d epersonal,Fomentando el trabajo en equipo y el trabajo como equipos autodirigibles,
108,1,Masculino,5 años en adelante,40 a 49 años,Manufactura,Regular,,,,Bueno,,Excelente,Excelente,Excelente,Regular,Bueno,,Bueno,Bueno,Bueno,,,,,,,"Involucrandose con los trabajadores, platicando con todos no solo con los jefes de area",Mayor comunicación entre departamentos estamos aislados,
109,1,Masculino,5 años en adelante,30 a 39 años,Manufactura,Regular,Bueno,,,,,,Bueno,Bueno,Malo,Regular,Regular,Malo,Bueno,Bueno,Bueno,Bueno,Bueno,Bueno,,,ACTIVIDADES DINAMICAS DE INTERACCION DE AREAS.,INTERELACIONES,
110,1,Masculino,5 años en adelante,30 a 39 años,Manufactura,Bueno,,,,Malo,,Regular,Bueno,Bueno,Regular,,,Regular,Bueno,Bueno,,Malo,,,,"Ingeniería malísimo, capital humano mejoro con la salida de Juan vega y la llegada de Josue  ","Dando mejores prestaciones a sus empleados, 350 de vales es una burla, no hay nada de motivación,",Dando lo mejor de mi pero cada que se trata de hacer eso me recuerda mis prestaciones y me desmotiva ,
111,1,Masculino,5 años en adelante,30 a 39 años,Manufactura,Bueno,Regular,Regular,Regular,Malo,Regular,Regular,Bueno,Bueno,Bueno,Regular,Regular,Regular,Bueno,Regular,Bueno,Bueno,Bueno,Bueno,Bueno,,"La gente operativa ya no se puede exprimir más, el cambio principal viene desde dirección y gerencia.",Dando lo mejor de mi como hasta ahora ha sido. No bajar el ritmo nunca. ,
112,1,Masculino,1 a 5 años,20 a 29 años,Manufactura,Bueno,,,,,,,,,,,,,,,,,,,,están  bien planteadas las preguntas ,me parece que esta bien planteada la encuesta ,respondiendo con sinceridad las preguntas ,
113,1,Masculino,1 a 5 años,40 a 49 años,Capital Humano,,,,,,,,Excelente,Excelente,,,,,,,,,,,,,Fomentando la interrelación de todos sus colaboradores sin importar el área al que correspondan.,Teniendo mas comunicación con las diferentes áreas y reiterar mi disposición para apoyar en lo que tenga a mi alcance.,
114,1,Masculino,1 a 5 años,30 a 39 años,Capital Humano,Bueno,,Bueno,Bueno,Regular,,Bueno,Excelente,Excelente,Excelente,,,,Bueno,Bueno,,,,,,"contabilidad se cierra a sus intereses, no tiene apertura a dar soluciones",mayores actividades de integracion,participando activamente ,
115,1,Masculino,5 años en adelante,30 a 39 años,Manufactura,Bueno,,,,,,Bueno,Bueno,Bueno,Regular,Bueno,,Bueno,Bueno,Bueno,,,,,, Bueno,la empresa se a estado encaminando en mejorar cada proceso dia a dia ,"con mi actitud diaria, trabajo y esfuerzo",
116,1,Masculino,5 años en adelante,30 a 39 años,Manufactura,Bueno,,Bueno,,Regular,Regular,Bueno,Bueno,Bueno,Regular,Bueno,Bueno,Bueno,Regular,Bueno,Excelente,Regular,Excelente,Excelente,Excelente,Cada departamento ha buscado desde los inicios de ADS mejorar y se ha visto en este 2018 que la parte comercial ha hecho un buen trabajo y se puede medir en la cantidad de producto que se ha fabricado en este año.,Organizar actividades dentro y fuera de la empresa,Siendo participante activo de las actividades que la empresa designe para mejorar el clima organizaciona.,
117,1,Masculino,5 años en adelante,40 a 49 años,Manufactura,Bueno,Bueno,,,Regular,Bueno,Bueno,Bueno,Regular,Bueno,Bueno,Bueno,Bueno,Bueno,Bueno,Bueno,Bueno,Bueno,Bueno,Bueno,,Avanzando cada vez más en una mejor comunicación.,Promoviendo día a día una cultura de trabajo con todo el equipo que forma ADS.,
118,1,Masculino,5 años en adelante,30 a 39 años,Manufactura,Regular,,,,Regular,Bueno,Bueno,Bueno,Bueno,Regular,Regular,Regular,Bueno,Bueno,Bueno,Bueno,,,,,,Dando seguimiento a los VALORES de ADS,Estar comprometido con los VALORES de ADS,
119,1,Masculino,5 años en adelante,20 a 29 años,Manufactura,Bueno,,,,,,,Regular,Bueno,Bueno,,,Regular,Bueno,Bueno,,Regular,,,,,HACIENDO PREGUNTAS MAS CLARAS Y PRECISAS ,HACIENDO PREGUNTAS MAS CLARAS Y PRECISAS ,
120,1,Masculino,Menos de 1 año,30 a 39 años,Cadena de Suministro,,Regular,,,Excelente,,Regular,Excelente,Regular,Regular,,Excelente,Bueno,,,,,,,,,-CAPACITACION A LOS NUEVOS INTEGRANTES  ,RECONOCER AL PERSONAL LOS LOGROS.,
121,1,Masculino,5 años en adelante,40 a 49 años,Manufactura,,Bueno,,,,,,Bueno,Bueno,Bueno,,,Excelente,,,,,,,,,"Promoviendo una cultura a los trabajadores, mejorando presentaciones, hay empresas que ya pagan mayor la zona. ",Cumpliendo con mis objetivos. ,
122,1,Masculino,5 años en adelante,30 a 39 años,Manufactura,,,,,,,,Bueno,Bueno,Bueno,,,,Bueno,Bueno,,,,,,,Ayuda al trabajador.,Haciendo mas trabajo.,
123,1,Masculino,5 años en adelante,30 a 39 años,Manufactura,,,,,,,,Bueno,Bueno,Bueno,,,Bueno,Bueno,Excelente,,,,,,,Sin comentarios.,Sin comentarios.,
124,1,Masculino,1 a 5 años,20 a 29 años,Manufactura,,,,,,,,Excelente,Excelente,Excelente,,,,,Excelente,,,,,,,Escuchar a los trabajadores.,Contribuyendo a la empresa. ,
125,1,Masculino,1 a 5 años,20 a 29 años,Manufactura,,,,,,,,Bueno,Excelente,Bueno,,,Excelente,Excelente,Excelente,,,,,,,Sin comentarios.,Sin comentarios.,
126,1,Masculino,1 a 5 años,20 a 29 años,Manufactura,,,,,,,,Excelente,Bueno,Bueno,,,Excelente,Bueno,Bueno,,,,,,,Sin comentarios.,Sin comentarios.,
127,1,Masculino,1 a 5 años,20 a 29 años,Manufactura,,,,,,,,,Bueno,Bueno,,,,,,,,,,,,Dar prestaciones. ,Haciendo mi trabajo. ,
128,1,Masculino,5 años en adelante,30 a 39 años,Manufactura,,,,,,,,Excelente,Regular,Bueno,,,Regular,Regular,Regular,,,,Malo,,,"Evaluar a los jefes para mejorar, capacitándolos como jefes lideres.","Con la comunicación y trabajo en equipo, pero desde arriba para dar un buen ejemplo. ",
129,1,Masculino,5 años en adelante,30 a 39 años,Manufactura,,,,,,,,Bueno,Bueno,Regular,,,,Regular,Regular,,,,,,,Sin comentarios.,Sin comentarios.,
130,1,Masculino,5 años en adelante,40 a 49 años,Capital Humano,,,,,,,,Bueno,Bueno,Bueno,,,,,,,,,,,Mejorar un poco en nominas. ,Prepararse mejor.,Trabajando y haciendo bien las cosas. ,
131,1,Masculino,5 años en adelante,30 a 39 años,Manufactura,,,,,,,,Bueno,Bueno,Regular,,,Bueno,Bueno,Bueno,,,,,,Se a quedado estancado de rotación. ,Cumpliendo con las actividades que realiza y tratar de mejorar. ,Asistiendo a las actividades y cumpliendo con mis obligaciones laborales.,
132,1,Masculino,5 años en adelante,40 a 49 años,Manufactura,Bueno,,,,,,,Bueno,Bueno,Bueno,,,Regular,Regular,,,,,,,,Sin comentarios.,Sin comentarios.,
133,1,Masculino,5 años en adelante,40 a 49 años,Manufactura,,,,,,,,,,,,,,,,,,,,,,Mostrar interés en la inconformidad del trabajador.,Tomando en cuenta las partes faltantes y que se valore de acuerdo a su trabajo. ,
134,1,Masculino,Menos de 1 año,20 a 29 años,Manufactura,Excelente,,,,,,,Excelente,Excelente,Bueno,,,Malo,Regular,Excelente,,,,,,Mal trato del encargado de almacén. ,Pedir mas opiniones al trabajador.,Dar mas punto de vista de que es lo que se hace.,
135,1,Masculino,5 años en adelante,40 a 49 años,Manufactura,,,,,,,,Excelente,Excelente,Bueno,,,Excelente,,,,,,,,,Seguir alimentando de información.,Cumpliendo con lo que se pide en tiempo y forma.,
136,1,Masculino,1 a 5 años,40 a 49 años,Manufactura,,,,,,,,Bueno,Bueno,Bueno,,,Bueno,Bueno,Bueno,,,,Regular,,,Dar soluciones a los problemas. ,Participando en las encuestas y apoyando. ,
137,1,Masculino,5 años en adelante,20 a 29 años,Manufactura,Bueno,,,,,,,Bueno,Bueno,Bueno,,,Bueno,Bueno,Excelente,,,,,,Se tiene apoyo del jefe de producción y gerente de planta. ,Mas preguntas abiertas.,"Con mejores resultados como persona, para ser mas eficiente y dar mejores resultados. ",
138,1,Masculino,5 años en adelante,30 a 39 años,Manufactura,Regular,,,,,,,Bueno,Bueno,Bueno,,,Bueno,Bueno,Bueno,,,,,,,Con preguntas abiertas para expresar opiniones en las distintas áreas. ,Contestando con honestidad las preguntas. ,
139,1,Masculino,5 años en adelante,30 a 39 años,Manufactura,,,,,,,,Excelente,Excelente,Bueno,,,Bueno,Bueno,Bueno,,,,,,,Tomar en cuenta los comentarios de la encuesta. ,Cuidar la instalaciones. ,
140,1,Masculino,5 años en adelante,50 en adelante,Manufactura,,,,,Bueno,,Bueno,Excelente,Bueno,Bueno,,,Bueno,Bueno,Bueno,,,,,,,"Cursos  motivaciones, reconocimientos para el trabajador.",Contribuir con nuevas ideas y participando en las actividades.,
141,1,Masculino,5 años en adelante,40 a 49 años,Manufactura,,,,,,,,Bueno,Bueno,Bueno,,,,Bueno,Bueno,,,,,,,seguir haciendo lo mismo.,Ser trasparentes en todo.,
142,1,Masculino,1 a 5 años,20 a 29 años,Manufactura,Bueno,,,,,,,Bueno,Bueno,Bueno,,,Bueno,Bueno,Bueno,,,,,,,Mas preguntas abiertas.,Tener mayor comunicación. ,
143,1,Masculino,5 años en adelante,30 a 39 años,Manufactura,Bueno,,,,,,,Bueno,Bueno,Regular,,,Regular,Bueno,Bueno,,,,,,,Dar seguimiento a los puntos críticos de la encuesta. ,Con una mejor planeación. ,
144,1,Masculino,5 años en adelante,30 a 39 años,Manufactura,Bueno,,,,,,,Bueno,Bueno,Bueno,,,Bueno,Bueno,Bueno,,,,,,,Sin comentarios.,Sin comentarios.,
145,1,Masculino,5 años en adelante,40 a 49 años,Manufactura,Bueno,,,,,,,,Bueno,Bueno,,,,,Bueno,,,,,,,Hacer con mas frecuencia las encuestas. ,Opinando. ,
146,1,Masculino,Menos de 1 año,20 a 29 años,Manufactura,,,,,,,,Bueno,Bueno,Bueno,,,,,Bueno,,,,,,,Hacer mas encuestas para el personal. ,Dando opinión. ,
147,1,Masculino,5 años en adelante,30 a 39 años,Manufactura,Bueno,,,,,,,Bueno,Regular,,,,,,Bueno,,Bueno,,Regular,,,Siendo mas claros en las preguntas. ,Participando mas. ,
148,1,Masculino,5 años en adelante,40 a 49 años,Manufactura,Excelente,,,,Bueno,,Excelente,Excelente,Excelente,Bueno,,,Regular,Regular,Bueno,,,,,,,Motivaciones económicas. ,Hoja de Evaluación. ,
149,1,Masculino,5 años en adelante,30 a 39 años,Manufactura,Excelente,Regular,Bueno,Bueno,Excelente,Excelente,Excelente,Bueno,Excelente,Excelente,Excelente,Excelente,Excelente,Excelente,Excelente,Excelente,Excelente,Excelente,Bueno,Bueno,,"No cambiar la forma de trabajo, existe buen ambiente de trabajo. ",Respetar el sistema de trabajo. ,
150,1,Masculino,Menos de 1 año,20 a 29 años,Manufactura,,,,,,,,Bueno,Bueno,Bueno,,,Bueno,,,,,,,,,Sin comentarios.,Sin comentarios.,
162,1,Masculino,Menos de 1 año,20 a 29 años,Manufactura,Bueno,Bueno,Regular,Malo,Bueno,Regular,Bueno,Bueno,Regular,Bueno,Regular,Bueno,Regular,Malo,Regular,Bueno,Regular,Regular,Regular,Regular,,Sin comentarios.,Sin comentarios.,
163,1,Masculino,1 a 5 años,30 a 39 años,Manufactura,Bueno,,,,,,Bueno,Excelente,Excelente,Bueno,Bueno,Bueno,Bueno,Bueno,Bueno,,,,,,,Fomentar el compromiso en el trabajo.,Impulsar al personal. ,
164,1,Masculino,1 a 5 años,30 a 39 años,Manufactura,,,,,,Bueno,,Bueno,Bueno,Bueno,,,Bueno,Bueno,Regular,,,,,,,Ser justo con el salario( de acuerdo al desempeño de cada uno). ,Trabajar en compañerismo. ,
165,1,Masculino,1 a 5 años,30 a 39 años,Manufactura,,,,,,,,Bueno,Bueno,Bueno,,,,,,,,,,,,Tomar en cuenta la encuesta. ,Contribuyendo con mi compañeros y jefe. ,
166,1,Masculino,5 años en adelante,50 en adelante,Capital Humano,,,,,,,,Bueno,Bueno,Bueno,,,Bueno,Bueno,Bueno,,,,,,,Estar unidos en equipo. ,Seguir el orden del trabajo. ,
167,1,Femenino,1 a 5 años,30 a 39 años,Capital Humano,Bueno,,,,,,,Excelente,Excelente,Excelente,,,Bueno,Bueno,Bueno,,,,,,,Trabajar en equipo. ,Siendo mejor cada día. ,
168,1,Femenino,Menos de 1 año,30 a 39 años,Capital Humano,Bueno,,,,,Bueno,,Bueno,Bueno,Bueno,,,Bueno,Bueno,Bueno,,,,,,,Apoyando a mi equipo de trabajo. ,Siendo un equipo honesto. ,
169,1,Masculino,Menos de 1 año,40 a 49 años,Manufactura,Bueno,,,,,,,Bueno,Bueno,Bueno,,,Bueno,Bueno,Bueno,,,,,,,Sin comentarios.,Sin comentarios.,
170,1,Masculino,5 años en adelante,30 a 39 años,Manufactura,Bueno,,,,,,,Bueno,Bueno,Bueno,,,Bueno,Bueno,Bueno,,,,,,,Tener mas reuniones donde podamos exponer nuestros puntos de vista. ,Llevar acabo todo lo que esta planeado y adaptarse a los cambios. ,
171,1,Masculino,1 a 5 años,30 a 39 años,Manufactura,Bueno,,,,,,,Excelente,Excelente,Excelente,,,Regular,Bueno,Bueno,,,,,,,Tener un mejor ambiente de compañerismo. ,Cumplir mis requisitos. ,
172,1,Masculino,1 a 5 años,20 a 29 años,Manufactura,Bueno,,,,,,,Regular,Regular,Regular,,,Bueno,Regular,Regular,,,,,,Pocos elementos y muy mala la materia prima.,"Promover el deporte, ser justo con sus promociones , incluir a todos en los eventos, ( como en la cena de año nuevo).",Participar en los eventos o sugerir algunos. ,
173,1,Masculino,Menos de 1 año,20 a 29 años,Dirección General,Bueno,,,,,,,Bueno,Bueno,Regular,,,Bueno,Bueno,Bueno,,,,,,,Hacer mas encuestas a sus empleados. ,Hacer un mejor equipo. ,
174,1,Masculino,5 años en adelante,30 a 39 años,Manufactura,Bueno,,,,,,,Bueno,Malo,Regular,,,Bueno,Bueno,Bueno,,,,,,,Sin comentarios.,Sin comentarios.,
175,1,Masculino,5 años en adelante,40 a 49 años,Manufactura,Bueno,,,,,,,Bueno,Bueno,Regular,,,Bueno,Regular,Bueno,,,,,,,Sin comentarios.,Sin comentarios.,
176,1,Masculino,5 años en adelante,40 a 49 años,Manufactura,Bueno,,,,,,,Bueno,Bueno,Bueno,,,Bueno,Bueno,Bueno,Bueno,Bueno,,,,,Que tomen en cuenta el esfuerzo de cada uno. ,Poner todo de mi parte y apoyar a los compañeros. ,
177,1,Masculino,5 años en adelante,30 a 39 años,Manufactura,Bueno,,,,,,,Excelente,Bueno,Regular,,,Bueno,Bueno,Bueno,,,,,,,Atender necesidades de empleados.,Realizar mi trabajo en las mejores condiciones y apoyar a quien lo requiera. ,
178,1,Masculino,1 a 5 años,20 a 29 años,Manufactura,Bueno,,,,,,,Excelente,Excelente,Excelente,,,Bueno,Excelente,Excelente,,,,,,,Tomar en cuenta la inconformidades de mis compañeros. ,Hablar con cada uno de los trabajadores para ver los desacuerdos. ,
179,1,Masculino,5 años en adelante,20 a 29 años,Manufactura,Bueno,,,,,,,Excelente,Bueno,Bueno,,,Bueno,Bueno,Bueno,,,,,,,Sin comentarios.,Sin comentarios.,
180,1,Masculino,1 a 5 años,20 a 29 años,Manufactura,,,,,,,,Excelente,Bueno,Regular,,,Bueno,Bueno,Bueno,,,,,,,Sin comentarios.,Sin comentarios.,
181,1,Masculino,5 años en adelante,30 a 39 años,Manufactura,Bueno,,,,,,,Bueno,Bueno,Bueno,,,Regular,Regular,Bueno,,,,,,,Buscar mejora continua. ,Dar a conocer resultados de desempeño del trabajador. ,
182,1,Masculino,Menos de 1 año,20 a 29 años,Manufactura,Bueno,,,,,,,Excelente,Excelente,Excelente,,,Regular,Regular,Regular,,,,,,,Sin comentarios.,Sin comentarios.,
183,1,Masculino,5 años en adelante,30 a 39 años,Manufactura,,,,,,,,Bueno,,,,,Bueno,,,,,,,,,Sin comentarios.,Sin comentarios.,
184,1,Masculino,5 años en adelante,30 a 39 años,Manufactura,,,,,,,,Excelente,Excelente,Bueno,,,Excelente,Bueno,Bueno,,,,,,,Sin comentarios.,Sin comentarios.,
185,1,Femenino,5 años en adelante,30 a 39 años,Manufactura,Regular,,,,,,,Bueno,Bueno,Malo,,,Bueno,Regular,Regular,,,,,,,Sin comentarios.,Sin comentarios.,
186,1,Masculino,5 años en adelante,30 a 39 años,Manufactura,Regular,,,,,,,Excelente,Bueno,Regular,,,Regular,Regular,Excelente,,,,,,,Sin comentarios.,Sin comentarios.,
187,1,Masculino,5 años en adelante,30 a 39 años,Manufactura,Bueno,,,,,,,Bueno,Bueno,Regular,,,Bueno,Bueno,Bueno,,,,,,,Hablando mas a la gente.,Poner mas atención a  nuestras necesidades. ,
188,1,Masculino,5 años en adelante,20 a 29 años,Manufactura,Regular,,,,,,,,Excelente,Bueno,Bueno,,Malo,Regular,Bueno,,,,,,,Interactuar mas con la gente. ,Sin comentarios.,
189,1,Masculino,1 a 5 años,20 a 29 años,Manufactura,Regular,,,,,,,Bueno,Regular,Malo,,,Bueno,Bueno,Bueno,,,,,,,Mas prestaciones. ,Incluir el comedor para evaluar ya que esta muy mal. ,
190,1,No deseo declararlo,5 años en adelante,30 a 39 años,Manufactura,,,,,,,,,Bueno,Bueno,,,Regular,Bueno,Excelente,,,,,,,Sin comentarios.,Sin comentarios.,
191,1,Masculino,1 a 5 años,30 a 39 años,Manufactura,Bueno,,,,,,,Bueno,Bueno,Bueno,,,Bueno,Regular,Bueno,,,,,,,Involucrarse mas con el personal. ,Tener mas visión. ,
192,1,Masculino,5 años en adelante,40 a 49 años,Manufactura,,,,,,,,Bueno,Excelente,Excelente,,,Bueno,Bueno,Bueno,,,,,,,Sin comentarios.,Hacer mi trabajo. ,
193,1,Masculino,5 años en adelante,40 a 49 años,Manufactura,,,,,,,,,,,,,,,,,,,,,,Sin comentarios.,Sin comentarios.,
194,1,Masculino,5 años en adelante,30 a 39 años,Manufactura,Bueno,,,,,,,Bueno,Bueno,Bueno,,,Bueno,Regular,Bueno,,,,,,,Sin comentarios.,Sin comentarios.,
195,1,Masculino,5 años en adelante,30 a 39 años,Manufactura,Bueno,,,,,,,Excelente,Bueno,Bueno,,,Bueno,Bueno,Bueno,,,,,,,Cumplir con las metas. ,Cumplir con nuestra responsabilidad. ,
196,1,Masculino,1 a 5 años,20 a 29 años,Manufactura,Bueno,,,,,,,Excelente,Excelente,Regular,,,Bueno,Excelente,Bueno,,,,,,,Todo es perfecto. ,Con preguntas enfocadas y personas especificas. ,
197,1,Masculino,1 a 5 años,20 a 29 años,Manufactura,Bueno,,,,,,,Bueno,Excelente,Excelente,,,Excelente,Excelente,Excelente,,,,,,,Reconocimiento al trabajador. ,Dando nuevas ideas y ayudando a los demás. ,
198,1,Masculino,Menos de 1 año,40 a 49 años,Manufactura,Excelente,,,,,,,Excelente,Excelente,Excelente,,,Bueno,Excelente,Bueno,,,,,,,Sin comentarios.,Sin comentarios.,
199,1,Masculino,5 años en adelante,30 a 39 años,Manufactura,Regular,,,,,,,Regular,Regular,Regular,,,Regular,Regular,Regular,,,,,,,Motivar al personal.,Que la organización haga lo necesario para ayudar al personal. ,
200,1,Masculino,5 años en adelante,40 a 49 años,Manufactura,Bueno,,,,,,,Bueno,Bueno,Regular,,,Bueno,Regular,Bueno,,,,,,,Atender las necesidades de los empleados. ,Aplicando mas nuestros valores. ,
201,1,Masculino,5 años en adelante,30 a 39 años,Manufactura,Regular,,,,,,,,,,,,,,,,,,,,,Temas en común. ,Lo mismo. ,
202,1,Masculino,1 a 5 años,20 a 29 años,Manufactura,Bueno,,,,,,,Excelente,Excelente,Bueno,,,Bueno,Regular,,,,,,,,Tomar en cuenta las opiniones. ,Lavar los sanitarios. ,
203,1,Masculino,1 a 5 años,20 a 29 años,Manufactura,Bueno,,,,,,,Bueno,Bueno,Regular,,,Bueno,Bueno,Bueno,,,,,,,Mantener nuestra área limpia.,Sin comentarios.,
204,1,Masculino,1 a 5 años,20 a 29 años,Manufactura,Bueno,,,,,,,Bueno,Bueno,Bueno,,,Bueno,Bueno,Bueno,,,,,,,Sin comentarios.,Sin comentarios.,
205,1,Masculino,5 años en adelante,20 a 29 años,Capital Humano,Excelente,,,,,,,Excelente,Excelente,Excelente,Excelente,,Excelente,Excelente,Excelente,,,,,,,Sin comentarios. ,Sin comentarios. ,
206,1,Masculino,1 a 5 años,20 a 29 años,Manufactura,Excelente,,,,,,,Bueno,Excelente,Excelente,,,Bueno,Bueno,Excelente,,,,,,,Sin comentarios. ,Sin comentarios. ,
207,1,Masculino,5 años en adelante,30 a 39 años,Manufactura,Bueno,,,,,,,Excelente,Bueno,Regular,,,Bueno,Regular,Bueno,,,,,,,Sin comentarios. ,Sin comentarios. ,
208,1,Masculino,1 a 5 años,20 a 29 años,Manufactura,Bueno,,,,,,,Bueno,Bueno,Regular,,,Regular,Regular,Bueno,,,,,,,Sin comentarios. ,Sin comentarios. ,
209,1,Masculino,5 años en adelante,30 a 39 años,Manufactura,Bueno,,,,,,,Excelente,Bueno,Bueno,,,Regular,Bueno,Bueno,,,,,,,Mejorar sueldos. ,Disponibilidad y mas interacción entre los compañeros. ,
210,1,Masculino,5 años en adelante,30 a 39 años,Manufactura,Bueno,,,,,,,Bueno,Bueno,Bueno,,,Bueno,Bueno,Bueno,,,,,,,Dar seguimiento a la planta en áreas que resulten bajas.,Contestar las encuestas con honestidad. ,
211,1,No deseo declararlo,Menos de 1 año,30 a 39 años,Dirección General,Regular,,,,,Bueno,,,,Regular,Bueno,Bueno,Bueno,Regular,,Malo,,,,,,Eso depende de administrativo de acuerdo a las finanzas. ,Exponer los puntos de vista.,
212,1,Masculino,1 a 5 años,30 a 39 años,Manufactura,,,,,,,,Bueno,,Bueno,,,,,,,,,,, No hay cursos y corren al de seguridad muy seguido.,Dando capacitación y equipo y dar mucha atención en seguridad. ,Hacer mis actividades lo mejor posible. ,
213,1,Masculino,1 a 5 años,20 a 29 años,Manufactura,,,,,,,,,,,,,,,,,,,,,,Sin comentarios. ,Sin comentarios. ,
214,1,Masculino,1 a 5 años,40 a 49 años,Manufactura,,,,,,,,,,,,,,,,,,,,,,Sin comentarios. ,Sin comentarios. ,
215,1,Masculino,1 a 5 años,30 a 39 años,Cadena de Suministro,,,,,,,,,,,Regular,Regular,Regular,Malo,Regular,,,,,,,Sin comentarios. ,Sin comentarios. ,
216,1,Masculino,Menos de 1 año,30 a 39 años,Dirección General,,,,,,,,Bueno,,Bueno,,,,,,,,Bueno,,,,Sin comentarios. ,Sin comentarios. ,
217,1,Masculino,1 a 5 años,30 a 39 años,Manufactura,,,,,,,,,,Bueno,Bueno,Bueno,,,,,,,,,,No hay cursos y buena comunicación. ,Depende de ustedes. ,
218,1,Masculino,Menos de 1 año,30 a 39 años,Cadena de Suministro,Regular,,,,,,,,,Regular,Bueno,Excelente,Excelente,Bueno,,,,,,,,Buena planificación.,Hacer mas frecuente interacción entre jefe y empleado. ,
219,1,Masculino,1 a 5 años,40 a 49 años,Manufactura,,,,,,,,Bueno,Bueno,Bueno,Excelente,Excelente,Bueno,Bueno,Bueno,,,,,Bueno,,Sin comentarios. ,Sin comentarios. ,
220,1,Masculino,5 años en adelante,50 en adelante,Comercial Infraestructura,,,,,,,,Excelente,Bueno,Bueno,,Bueno,Bueno,,,,,,,Excelente,,Que el cambio de áreas siga los proyectos. ,Mejorar comunicación. ,
221,1,Masculino,Menos de 1 año,20 a 29 años,Manufactura,,,,,,,,Bueno,Bueno,Regular,,,Bueno,,,,,,Bueno,Regular,,Brindando una mayor atención a sus trabajadores. ,Sin comentarios. ,
222,1,Masculino,Menos de 1 año,20 a 29 años,Manufactura,,,,,,,,Excelente,Regular,Bueno,Bueno,Bueno,Bueno,,,,,,Regular,Regular,,Mas capacitación. ,Mas organización. ,
223,1,Masculino,Menos de 1 año,20 a 29 años,Manufactura,,,,,,,,Bueno,Malo,Malo,,,Bueno,,,,,,Regular,Regular,,Sin comentarios. ,Sin comentarios. ,
224,1,Masculino,Menos de 1 año,30 a 39 años,Manufactura,,,,,,,,Bueno,Regular,Bueno,,,Bueno,,,,,,Bueno,Bueno,,Tomar en cuenta y mas atención al trabajador. ,Sin comentarios. ,
225,1,Masculino,Menos de 1 año,40 a 49 años,Manufactura,,,,,,,,Regular,Bueno,Regular,,,Bueno,,,,,,Bueno,Regular,,Haciendo que participe todo el personal. ,Cuidando los recursos y participando. ,
226,1,Masculino,Menos de 1 año,30 a 39 años,Manufactura,,,,,,,,Bueno,Malo,Malo,,,Bueno,,,,,,Regular,Regular,,Mejorar el salario y prestaciones. ,esforzándome mas y dando ideas para mejorar el ambiente. ,
227,1,Masculino,Menos de 1 año,30 a 39 años,Manufactura,,,,,,,,Regular,Malo,Malo,,,,,,,,,Bueno,Bueno,,Mejorar Salario. ,No se puede ya que el CEDIS León nos hace a un lado. ,
301,2,Masculino,1 a 5 años,30 a 39 años,Comercial Eléctrico,Bueno,Regular,Regular,Bueno,,,Bueno,Bueno,Bueno,Bueno,Bueno,,Regular,,Bueno,,,,Regular,Bueno,Pésimo servicio de Logística,Mejorando el servicio a clientes interno y externo por parte de logística,Cumpliendo con mis responsabilidades y apoyando a mis compañeros,
302,2,Masculino,1 a 5 años,30 a 39 años,Comercial Eléctrico,Excelente,Regular,Malo,Excelente,Regular,Excelente,Bueno,Excelente,Regular,Excelente,Excelente,Regular,Excelente,Excelente,Excelente,Excelente,Excelente,Excelente,Regular,Bueno,Pésimo servicio por parte de crédito y cobranza ,Capacitando a la gente de RH enfocar los a desarrollar lideres,Estar disponible para las necesidades y permear la cultura.,
303,2,Femenino,5 años en adelante,30 a 39 años,Cadena de Suministro,Bueno,Bueno,Bueno,,Excelente,Regular,Bueno,Bueno,Bueno,Regular,Bueno,Bueno,Bueno,,Bueno,,,,Excelente,Excelente,el servicio ha sido bueno y ha ido mejorando mucho ,más capacitaciones a personal de la misma ,apoyo mutuo entre jefes y personal de cada área ,
304,2,Masculino,5 años en adelante,40 a 49 años,Comercial Eléctrico,Bueno,Regular,,Bueno,Bueno,,Excelente,Excelente,Bueno,Bueno,Bueno,Excelente,Excelente,,Excelente,Bueno,Regular,,Excelente,Excelente,Mejorar el servicio de crédito y cobranza,Mejor comunicación entre departamentos.,Mejor Comunicación ,
305,2,Masculino,1 a 5 años,30 a 39 años,Comercial Eléctrico,Regular,Regular,Bueno,,,,Regular,Regular,Regular,Bueno,Regular,Malo,,,Regular,,,,Excelente,Bueno,,Estar ORGANIZADOS tanto por la parte de las  personas como de las areas,"Con iniciativas y acciones , las cuales al día de hoy están sin ser consideradas debido a los altos jefes",
306,2,Masculino,Menos de 1 año,30 a 39 años,Manufactura,Bueno,Excelente,Bueno,Bueno,Bueno,Bueno,Bueno,Bueno,Bueno,Bueno,Bueno,Regular,Bueno,Bueno,Bueno,Bueno,Bueno,Bueno,Bueno,Bueno,,"Existen cosas sencillas que pueden motivar mucho a la gente, hace falta escucharlos mas y generar actividades sociales ",Escuchando a la gente y gestionar que se cumplan las nivelaciones de salario que se había prometido,
307,2,Masculino,1 a 5 años,20 a 29 años,Manufactura,Regular,,,,Malo,,Bueno,Regular,Regular,Bueno,,,Regular,Regular,Regular,,,,,,,Manejando el mismo tabulador de salarios en todas las plantas,Recibiendo capacitaciones actualizadas por parte de expertos,
308,2,Masculino,5 años en adelante,30 a 39 años,Manufactura,Excelente,Bueno,Regular,Regular,Regular,Bueno,Bueno,Bueno,Bueno,Regular,Bueno,Bueno,Bueno,Bueno,Bueno,,,Excelente,Bueno,Bueno,Estar en la misma linea para obtener los resultados. ,"Tener claro hacia donde va la empresa y que se necesita entre departamentos, no ver solo por lo que les corresponde. ",Integrando los departamentos en las que participo. ,
309,2,Masculino,1 a 5 años,20 a 29 años,Manufactura,,,,,,Bueno,Bueno,Bueno,Bueno,Bueno,Regular,,Bueno,Bueno,Bueno,Regular,Bueno,,,,,Dando incentivos a la gente que se esfuerza y muestra resultados.,Teniendo buena relación con mis compañeros de trabajo y con los obreros.,
310,2,No deseo declararlo,1 a 5 años,20 a 29 años,Capital Humano,Bueno,,,Bueno,,,Bueno,Excelente,Bueno,Regular,,,Bueno,Bueno,Bueno,,,,,,,Los sueldos y prestaciones no son competitivos en la zona  Capacitacion o cursos para el personal administrativo no se han realizado  ,cumpliendo con los objetivos y metas de mi área de trabajo,
311,2,Masculino,5 años en adelante,40 a 49 años,Manufactura,,,,,Bueno,,Bueno,Bueno,Bueno,Bueno,,,Bueno,Bueno,Bueno,,,,,,,"Proveer de buenos lugares de trabajo, amplios y con buena distribucion, ademas de que los equipos y herramientas esten actualizados.  ","Promiviendo el respeto, la comunicacion y el reconocimieto a los empleados",
312,2,Masculino,5 años en adelante,30 a 39 años,Comercial Eléctrico,Regular,Malo,Regular,Bueno,Regular,Bueno,Excelente,Excelente,Bueno,Bueno,Bueno,Bueno,Bueno,,,Bueno,Excelente,,,,EL DEPARTAMENTO QUE CONSIDERO CON MÁS ÁREA DE OPORTUNIDAD ES CXC. SIEMPRE ESTÁN SATURADOS.,MÁS ACTIVIDADES QUE PONGAN EN CONTEXTO LAS FUNCIONES QUE HACEN LOS COMPAÑEROS DE OTROS DEPARTAMENTOS.,FOMENTANDO UNA MEJOR COMUNICACIÓN DE MIS COMPAÑEROS Y MÍA PARA CON OTROS DEPARTAMENTOS.,
313,2,Masculino,1 a 5 años,30 a 39 años,Comercial Eléctrico,,Malo,Malo,Malo,Malo,Bueno,Regular,Malo,Malo,Regular,,,,,,Regular,,,,,,...,...,
314,2,Masculino,1 a 5 años,30 a 39 años,Comercial Eléctrico,,Bueno,Bueno,Bueno,Bueno,,Excelente,Regular,Regular,Bueno,Excelente,Excelente,Bueno,,Bueno,,Regular,,,Excelente,,"aunque la presión sea fuerte, se debe mantener un espíritu de equipo para el logro de los objetivos",se empatico y expresar el sentido de urgencia que se tiene para el logro de los objetivos,
315,2,Masculino,1 a 5 años,40 a 49 años,Comercial Eléctrico,,,,,Bueno,,Bueno,Bueno,Bueno,Regular,Bueno,Bueno,,,Bueno,Bueno,Bueno,,Regular,Regular,Considero que la relación con varias áreas puede mejorar ,Evitando la frecuente rotación (despidos/contrataciones) del personal... a todos niveles.,Con actitud de servicio y camaradería, tratando de generara amigos más allá de compañeros de trabajo.
316,2,Femenino,1 a 5 años,30 a 39 años,Dirección General,Bueno,Regular,Regular,,,Regular,,Bueno,Bueno,Bueno,Regular,Regular,Regular,Bueno,Bueno,,,,,Regular,"Logistica en aplicar ajuste de inventario, seguimiento a NC, etc.","Proyectando confianza en exponer casos personales sin sentirse amenazados, por expresar una opinión.     Tener calidad humana.",Tener más acercamiento.,
317,2,Femenino,Menos de 1 año,20 a 29 años,Capital Humano,,,Bueno,Bueno,Malo,,,Excelente,Malo,Bueno,,,,Bueno,Bueno,Bueno,,,,,"El área de compras, se tardan mucho tiempo en enviar las ordenes de compra, dan un pésimo servicio.",Que inviertan mas en las necesidades que requiere la empresa para poder desarrollar bien nuestro trabajo.,Brindando apoyo al personal que lo requiera,
318,2,Masculino,1 a 5 años,40 a 49 años,Comercial Eléctrico,Regular,Bueno,Bueno,Bueno,,Regular,Bueno,Bueno,Bueno,Bueno,Bueno,Bueno,Bueno,,Bueno,,Bueno,,Bueno,Bueno,,"Comunicacion adecuada, politicas claras, informacion a tiempo, mejoras en algunas areas de trabajo, cambio de mobiliario donde ya sea necesario.",Siempre hay oportunidades de mejorar la comunicacion y cooperacion entre las areas de trabajo,
319,2,Masculino,5 años en adelante,30 a 39 años,Manufactura,,,,,,,Bueno,,Regular,Malo,,,Bueno,Regular,Bueno,,,,,,,Que los asensos sea para el personal que demuestre resultados y no para los sobrinos.,"Excursiones , gotcha , dia de la familia, actividades que involucren a los trabajadores y sus familias.",
320,2,Masculino,5 años en adelante,20 a 29 años,Manufactura,Bueno,,,,Regular,,Bueno,Bueno,Excelente,Bueno,,,Malo,Excelente,Regular,,,,,,"Necesitamos, personas capacitadas que realmente sepan desarrollar su trabajo.",Cultura en el trabajo.  ,feedback con los empleados se debe trabajar cuidadosamente y de forma constante,
321,2,Masculino,Menos de 1 año,30 a 39 años,Comercial Eléctrico,Bueno,Bueno,Bueno,Bueno,Bueno,,Excelente,Excelente,Excelente,Excelente,Regular,Excelente,Excelente,,,,,Bueno,Bueno,Bueno,,Fomentando la convivencia y la cooperación  ,"Realizando mis labores con respeto, y cooperando con las demás áreas.  Apoyando a mis compañeros cuando lo requieran",
322,2,Masculino,Menos de 1 año,40 a 49 años,Comercial Eléctrico,Bueno,Bueno,Bueno,Bueno,Bueno,Bueno,Excelente,Bueno,Bueno,Bueno,Bueno,Bueno,Bueno,Bueno,Bueno,Malo,Bueno,Bueno,Bueno,Bueno,,Mayor involucramiento en las necesidades de marketing asi como las necesidades de los canales comerciales. ,Actitud de servicio y sentido de urgencia.,
323,2,Masculino,Menos de 1 año,30 a 39 años,Comercial Eléctrico,Bueno,Bueno,Bueno,Bueno,Bueno,Bueno,Bueno,Bueno,Bueno,Bueno,Bueno,Bueno,Bueno,Bueno,Bueno,Bueno,Bueno,Bueno,Bueno,Bueno,,mayor  comunicación  a nivel gerencia  comercial ,"confianza, compañerismo y valores ",
324,2,Masculino,1 a 5 años,30 a 39 años,Administración y Finanzas,,,,Bueno,Bueno,,Bueno,Bueno,Bueno,Regular,,,,,,,,,,,,sin comentarios,sin comentarios,
325,2,Femenino,5 años en adelante,40 a 49 años,Capital Humano,,,Excelente,Regular,Regular,,Bueno,Bueno,Bueno,Bueno,,,,,,,,,,,,Mantener una correcta comunicacion con los empleados,Manteniendo una adecuada relacion con los compañeros,
326,2,Masculino,5 años en adelante,50 en adelante,Manufactura,,,,,,,,Regular,Regular,Bueno,,,Bueno,Regular,Bueno,,,,,,,trato de tener mas comonicacion con mis compañeros en el depaetamento,darles un incentivo por produccion,
327,2,Masculino,Menos de 1 año,Menos de 20 años,Manufactura,,,,,,,,Bueno,,,,,Bueno,Bueno,Bueno,,,,,,,Reparar todas las áreas malas para tener una mayor seguridad.,Llevarnos mejor con nuestros compañeros para tener un mejor ambiente de trabajo y poder llevarnos mejor.,
328,2,Masculino,Menos de 1 año,20 a 29 años,Manufactura,,,,,,,,,,,,,,,,,,,,,,Mejorar el clima para el comedor.,Mejorar el horario.,
329,2,Masculino,5 años en adelante,40 a 49 años,Manufactura,,,,,,,,Regular,Regular,Regular,,,Regular,Regular,Regular,,,,,,,"Que tenga más ventilación y que aumenten el sueldo, por eso se va la gente.",En el comedor no hay clima.,
330,2,Masculino,Menos de 1 año,20 a 29 años,Manufactura,,,,,,,,,,,,,,,,,,,,,,Teniendo más producción.,Teniendo aire en el comedor.,
331,2,Masculino,5 años en adelante,20 a 29 años,Manufactura,,,,,,,,Excelente,Bueno,Regular,,,Regular,Bueno,Bueno,,,,,,Capital humano:  Capital humano - Estaba bien como estaba (lástima).  Seguridad - Debería mejorar y hacer más cursos.,"Tratando con más dignidad los salarios y reconociendo la labor con bonos y cosas así, motivar a la gente y no desanimarla.",Fomentando más las actividades familiares y dando un mejor trato en el comedor.,
332,2,Masculino,5 años en adelante,30 a 39 años,Manufactura,,,,,,,,Excelente,Bueno,Excelente,,,Regular,Regular,Bueno,,,,,,,"Poner otros climas, gastar un poco más, inversión.","Poner comedor, tener mejores prestaciones, poner extractor.",
333,2,Masculino,Menos de 1 año,20 a 29 años,Manufactura,,,,,,,,Excelente,Excelente,Excelente,,,Excelente,Excelente,Excelente,,,,,,,Sin comentarios.,Sin comentarios.,
334,2,Masculino,Menos de 1 año,20 a 29 años,Manufactura,Regular,,,,,,,Bueno,Bueno,Bueno,,,Bueno,Bueno,Regular,,,,,,,Tratando de hacer todo en equipo y llevarse bien entre todos.,Dando nuestras opiniones a nuestros jefes.,
335,2,Masculino,1 a 5 años,30 a 39 años,Cadena de Suministro,Bueno,Bueno,Bueno,Bueno,Bueno,,,Bueno,Bueno,Bueno,,,Bueno,Bueno,,,,,,,,"Dando mejor herramientas para el trabajo, tomar en cuenta los comentarios de los trabajadores puesto que ellos hacen la operación.",Con mejoras continuas en mi departamento.,
336,2,Masculino,5 años en adelante,30 a 39 años,Manufactura,Bueno,,,,,Bueno,,Bueno,Bueno,Bueno,,,Bueno,Bueno,Bueno,,,,,,,"Escuchando a la gente y tratando de cubrir todas sus necesidades, manteniendo una buena comunicación con la gente y no mintiéndoles.","Haciendo bien mi trabajo, manteniendo una buena comunicación con los demás departamentos y ayudando en todo lo que pueda.",
337,2,Masculino,5 años en adelante,30 a 39 años,Manufactura,,,,,,,,Bueno,Bueno,Regular,,,Regular,Regular,Bueno,,,,,,,Que haya más seguridad y medicamentos en los botiquines.,"Pues mejorar el clima de trabajo, tratarse con respeto, comunicarse para hacer mejor trabajo y rápido.",
338,2,Masculino,1 a 5 años,20 a 29 años,Manufactura,,,,,,,,Bueno,Regular,Excelente,,,Regular,Malo,Regular,,,,,,,"Que al comedor le pongan un aire acondicionado nuevo, que los jefes se den cuenta del empeño del trabajador.",Que los jefes se den cuenta del trabajador.,
339,2,Masculino,5 años en adelante,40 a 49 años,Manufactura,,,,,,,,Bueno,Bueno,Regular,,,Bueno,Bueno,Excelente,,,,,,,Tener más comunicación con la gente.,Asistiendo.,
340,2,Femenino,Menos de 1 año,30 a 39 años,Manufactura,,,,,,,,Excelente,Bueno,Excelente,,,Bueno,Regular,Bueno,,,,,,,Tener más comunicación con la gente y darle más cursos.,Que los jefes se organicen mejor con la gente.,
341,2,No deseo declararlo,1 a 5 años,20 a 29 años,Manufactura,,,,,,,,Bueno,Bueno,Excelente,,,Excelente,Bueno,Bueno,,,,,,Capital humano:  Nóminas - Falta las deducciones de fondo de ahorro.  Producción - Pésimo material.,A escuchar personalmente y no por hojas o encuestas. Poner un torneo.,Integración con los compañeros.,
342,2,Masculino,5 años en adelante,40 a 49 años,Manufactura,,,,,,,,Excelente,Excelente,Excelente,,,Bueno,Regular,Bueno,,,,,,,Sin comentarios.,Sin comentarios.,
343,2,No deseo declararlo,1 a 5 años,20 a 29 años,Dirección General,,,,,,,,Bueno,Bueno,Bueno,,,Bueno,Bueno,Bueno,,,,,,,"Se necesita un clima nuevo en el comedor, el que tiene está echado a perder, ya no sirve, es incómodo el calor.","Cuidarlo, darle importancia al clima cuando se echa a perder.",
344,2,Masculino,Menos de 1 año,20 a 29 años,Manufactura,,,,,,,,Excelente,Bueno,Bueno,,,Bueno,Bueno,Bueno,,,,,,,Dando capacitación al personal de producción al igual que a los supervisores para un buen trabajo.,"Tener más comunicación entre compañeros y jefes de área, así como brindar el mejor equipo de protección de trabajo.",
345,2,Masculino,1 a 5 años,30 a 39 años,Manufactura,,,,,,,,Bueno,Malo,Regular,,,Regular,Malo,Regular,,,,,,,Mejorar las instalaciones y sueldos competitivos.,Con más comunicación y empeño en mi labor.,
346,2,Masculino,5 años en adelante,30 a 39 años,Manufactura,,,,,,,,Bueno,Bueno,Bueno,,,Bueno,Malo,Bueno,,,,,,"Mantenimiento - Pésimo, no me gusta.  Producción - Lo mismo de siempre.",Dándole más cursos o pláticas a los jefes de turno.,Que tomen en cuenta nuestras opiniones.,
347,2,Masculino,1 a 5 años,20 a 29 años,Manufactura,Regular,,,,,,,Bueno,Excelente,Bueno,,,Regular,Bueno,Bueno,,,,,,Manufactura:  Almacén y embarques - Un pésimo jefe.,"Supongo, en su caso sigue en un buen camino.",No tengo idea clara de mejorar este aspecto.,
348,2,Masculino,Menos de 1 año,20 a 29 años,Manufactura,,,,,,,,Bueno,Bueno,Bueno,,,Bueno,Bueno,Bueno,,,,,,,Incentivos.,No fallar en el trabajo.,
349,2,Masculino,Menos de 1 año,20 a 29 años,Manufactura,,,,,,,,Bueno,Bueno,Excelente,,,Bueno,Bueno,Excelente,,,,,,,Por el poco tiempo que llevo en la empresa puedo decir que está bien organizado.,Trabajando mejor día a día.,
350,2,Masculino,5 años en adelante,40 a 49 años,Manufactura,Bueno,,,,,,,Bueno,Bueno,Bueno,,,Bueno,Bueno,Bueno,,,,,,,"Así como está me parece bien, pero mejor si se podría tener un poco más, tener en cuenta a producción (el área).",Creo que un poco más de coordinación.,
351,2,Masculino,1 a 5 años,20 a 29 años,Manufactura,,,,,,,,Bueno,Bueno,Excelente,,,Excelente,Bueno,Bueno,,,,,,,Me parece que mayor comunicación en los aspectos que le interesen a los colaboradores.,Tratar de unir al equipo de trabajo.,
352,2,Masculino,1 a 5 años,20 a 29 años,Manufactura,,,,,,,,Malo,Malo,Malo,,,Malo,Regular,Malo,,,,,,"Capital humano:  Nóminas - No dan el día acordado, sólo cuando quieren.  Capital humano - No resuelve nada.  Seguridad - Son corruptos.",Que todos demos sus puntos de vista y quejas.,Que nosotros decidamos que es mejor.,
353,2,Masculino,1 a 5 años,30 a 39 años,Manufactura,,,,,,,,Regular,Regular,Bueno,,,Regular,Regular,Regular,,,,,,,Hacer una investigación a los supervisores ya que pasan problemas graves en los departamentos y simplemente no se lleva la información como debe ser a los directivos.,Las opiniones del personal deben tomarse igual en cuenta tanto como las opiniones de los jefes ,
354,2,Masculino,5 años en adelante,20 a 29 años,Manufactura,,,,,,,,Bueno,Bueno,Excelente,,,Regular,Bueno,Bueno,,,,,,,Un mejor sueldo para los operadores y contar con lo necesario para poder realizar nuestro trabajo.,Más trabajo de equipo por parte de los supervisores.,
355,2,Masculino,5 años en adelante,30 a 39 años,Manufactura,,,,,,,,Regular,Regular,Malo,,,Regular,Malo,Regular,,,,,,,Haciendo un estacionamiento en las partes para bicicletas.,Haciendo un mejor comedor que tenga clima en buen estado.,
356,2,Masculino,1 a 5 años,20 a 29 años,Manufactura,,,,,,,,Bueno,Bueno,Regular,,,Regular,Regular,Regular,,,,,,Capital humano:  Nóminas - Se entrega a tiempo.  Capital humano - Bien.    Manufactura:  Mantenimiento - Faltan muchos detalles que hacer.  Producción - Tomar consciencia de las habilidades de los operadores.,"Dar el sueldo que corresponde del trabajo que se desempeña y dar un ascenso, dar unas mejores botas y un aire en el comedor.","Pues tratando bien a la gente que apenas está entrando y capacitándolo bien, acomodando todo en su lugar.",
357,2,Masculino,1 a 5 años,30 a 39 años,Manufactura,,,,,,,,Excelente,Excelente,Excelente,,,Bueno,Bueno,Bueno,,,,,,,Ajustando sueldos a los que saben. Capacitación por área y por puesto.,"Llegar temprano, empeñarnos al trabajo, apoyo en facilidad para conseguir un transporte.",
358,2,Masculino,5 años en adelante,30 a 39 años,Manufactura,,,,,,,Excelente,Malo,Regular,Bueno,,,Bueno,Excelente,Bueno,,,,,,Capital humano:  Nóminas - Problemas con nóminas digitales.,"En cumplir con lo que ofrecen al ingresar a laborar, mejorar prestaciones.",Mejores áreas de trabajo en producción.,
359,2,Masculino,5 años en adelante,30 a 39 años,Manufactura,,,,,,,,Bueno,Regular,Bueno,,,,Bueno,Bueno,,,,,,,Que tomen en cuenta las encuestas.,Sin comentarios.,
360,2,No deseo declararlo,1 a 5 años,20 a 29 años,Manufactura,,,,,,,,Excelente,Excelente,Excelente,,,Excelente,Excelente,Excelente,,,,,,,"El sueldo, más luz, dejar más limpio el área donde trabajamos.",Dejar limpias las áreas donde trabajo.,
361,2,Masculino,1 a 5 años,30 a 39 años,Manufactura,,,,,,,,Bueno,Bueno,Bueno,,,Bueno,Bueno,,,,,,,,Que haya más unidad en todas las áreas.,Poniendo de mi parte.,
362,2,Masculino,1 a 5 años,20 a 29 años,Manufactura,,,,,,,,Bueno,Bueno,Regular,,,,,,,,,,,"Capital humano:  Nóminas - La antigua nómina nos decía todo claro en deducciones (Fonacot)  Seguridad - Muchas áreas inseguras, llenas de agua, bolsas por todos lados.","Para que el personal esté contento, cumplir con el sueldo que se les promete y los tabuladores que cada 6 meses suban el sueldo, motivar con eventos.","Venir a trabajar con toda la actitud, realizar mis actividades con eficacia",
363,2,Masculino,1 a 5 años,20 a 29 años,Manufactura,,,,,,,,Bueno,Bueno,Bueno,,,Bueno,Bueno,Bueno,,,,,,,El área de capital humano debería de tener más comunicación personal con el área de producción tomando en cuenta y considerando peticiones que se le hacen.,Contribuyendo a tener una mejor relación con las demás áreas en cuestión de compromiso y responsabilidad.,
364,2,Masculino,1 a 5 años,30 a 39 años,Manufactura,,,,,,,,Regular,Excelente,Regular,,,Regular,Regular,Bueno,,,,,,"Capital humano:  Nóminas - Problemas con pagos de horas extras, actualmente no hay horas extras.",Compartiendo los ventiladores de inyección y mejor capacitación para operar mejor las máquinas o poner música para no escuchar tanto el ruido de las máquinas.,"Llegando temprano, no faltar y apoyando a mis compañeros.",
365,2,Masculino,5 años en adelante,30 a 39 años,Manufactura,,,,,,,,Bueno,Bueno,Bueno,,,Excelente,Regular,Excelente,,,,,,,Dando mejor explicación. Mejor capacitación.,Obedeciendo las órdenes y ser puntual a mi trabajo.,
366,2,Masculino,Menos de 1 año,40 a 49 años,Manufactura,,,,,,,,Bueno,Bueno,Bueno,,,Bueno,Bueno,Bueno,,,,,,,La limpieza del comedor.,Que tengamos más vigilancia.,
367,2,Masculino,Menos de 1 año,30 a 39 años,Manufactura,,,,,,,,Bueno,Bueno,Bueno,,,Bueno,Bueno,Bueno,,,,,,,Que implementará algún proyecto para fomentar la motivación para su personal ya que algunos compañeros trabajan como operadores y tienen sueldos como ayudantes.,Yo creo que con mejores capacitaciones a los nuevo compañeros que van llegando a la empresa.,
368,2,Masculino,Menos de 1 año,20 a 29 años,Manufactura,,,,,,,,Excelente,Excelente,Excelente,,,Regular,Excelente,Excelente,,,,,,Manufactura:   Almacén y embarques - No conozco el trabajo de embarques.,"Que se hagan las tradiciones que México celebra, que se instale alguna tienda para comprar desayuno, que tenga acceso a las regaderas.","Que el pase de acceso sea por gafete, que se realicen cursos de capacitación de diferentes áreas para personas que les guste esa otra área.",
369,2,Masculino,5 años en adelante,30 a 39 años,Manufactura,,,,,,,,Excelente,Excelente,Excelente,,,Excelente,Excelente,Excelente,,,,,,,Poniéndose todos de acuerdo en lo planeado.,Apoyando en todo lo que pueda a favor de la empresa en limpieza y cuidado de las instalaciones.,
370,2,Masculino,Menos de 1 año,20 a 29 años,Manufactura,,,,,,,,Excelente,Excelente,Excelente,,,Bueno,Bueno,Excelente,,,,,,,Con el poco tiempo que tengo me parece bien sólo no del aire acondicionado que no funciona.,Debo empezar llegando temprano y no faltar y apoyar más a los compañeros.,
371,2,Masculino,1 a 5 años,30 a 39 años,Manufactura,,,,,,,,Excelente,Excelente,Excelente,,,Excelente,Excelente,Excelente,,,,,,,"Impartir más cursos, llevar a cabo eventos recreativos y fomentar más deporte.",Tratar de seguir las políticas y reglas de la empresa.,
372,2,Masculino,1 a 5 años,30 a 39 años,Manufactura,,,,,,,,Excelente,Excelente,Bueno,,,Bueno,Bueno,Excelente,,,,,,,Tener más en cuenta y diferenciar el personal que no falta y cumple diariamente y apoyarlos más en la empresa en todos los puntos.,Cumplir diariamente y mejorar como persona y laboralmente.,
373,2,Masculino,5 años en adelante,30 a 39 años,Manufactura,,,,,,,,Bueno,Bueno,Bueno,,,Regular,Regular,Regular,,,,,,,"Capacitando en algunas áreas como en corrugado, poner un comedor para no cargar la comida diaria, ya tengo 15 años de antigüedad y mi sueldo no sube",Con un buen desempeño en producir y comentarle a los jefes mis ideas para que las apliquen algún día.,
374,2,No deseo declararlo,1 a 5 años,30 a 39 años,Manufactura,,,,,,,,Bueno,Bueno,Bueno,,,Bueno,Bueno,Bueno,,,,,,,Mejorar un ambiente laboral.,Hacer un lugar limpio y responsable en el área de trabajo.,
375,2,Masculino,1 a 5 años,50 en adelante,Manufactura,,,,,,,,Excelente,Excelente,Excelente,,,Bueno,Bueno,Excelente,,,,,,,"Calificando al personal para tener un puesto más alto y tener un mejor ingreso, no dan el puesto por compañerismos.","No faltando, cumplir con el trabajo y enseñarnos al personal de nuevo ingreso las funciones de la empresa.",
376,2,Masculino,1 a 5 años,30 a 39 años,Manufactura,,,,,,,,Excelente,Excelente,Excelente,,,Excelente,Excelente,Excelente,,,,,,,"El sueldo, el aire acondicionado del comedor, más minutos para la hora de la comida.",Más comunicación con los compañeros.,
377,2,Masculino,5 años en adelante,30 a 39 años,Manufactura,,,,,,,,Bueno,Regular,Bueno,,,Bueno,Bueno,Bueno,,,,,,,Apoyando y motivando al personal.,Convivir más con los compañeros.,
378,2,Masculino,1 a 5 años,20 a 29 años,Manufactura,,,,,,,,Bueno,Bueno,Bueno,,,Bueno,Regular,Bueno,,,,,,,"Con capacitaciones a todos, más motivación para los empleados como bonos y premios.",Con tener mejores sueldos nivelados.,
379,2,Masculino,5 años en adelante,40 a 49 años,Manufactura,,,,,,,,Excelente,Bueno,Bueno,,,Regular,Malo,Regular,,,,,,,"Capacitando a los supervisores en manejo del personal, motivar con premios a los trabajadores destacados.","Sueldos altos y competitivos, organizaría el deporte que piden los trabajadores.",
380,2,Masculino,1 a 5 años,20 a 29 años,Manufactura,,,,,,,,Malo,Bueno,Excelente,,,Bueno,Bueno,Bueno,,,,,,Capital humano:  Nóminas - Existen cambios regularmente.    Manufactura:  Mantenimiento - Falta de atención en las máquinas.  Producción - Falta de capacitación al personal nuevo.,Aplicando órdenes y leyes que se sigan y se cumplan y no que se cambien sin dar a conocer o sin decir nada.,Trabajar en equipo y poner más esfuerzo en las capacitaciones que nos brindan.,
381,2,Masculino,5 años en adelante,20 a 29 años,Manufactura,,,,,,,,Bueno,Bueno,Regular,,,Bueno,Bueno,Bueno,,,,,,,No negando días cuando uno lo necesita.,Organizando un poco de deporte. Dejar poner un poco de música mientras se trabaja.,
382,2,Masculino,5 años en adelante,30 a 39 años,Manufactura,,,,,,,,Bueno,Bueno,Excelente,,,Bueno,Regular,Excelente,,,,,,,"Que no haya mucho polvo, tener más comunicación con mi jefe directo y las decisiones que nos tomen en cuenta.",Que no hagan mucha prueba material. Que no tomen en cuenta a nuestros compañeros en las decisiones.,
383,2,Masculino,1 a 5 años,Menos de 20 años,Manufactura,,,,,,,,Regular,Regular,Regular,,,Regular,Regular,Regular,,,,,,,Que el jefe de área sea más accesible y que nos apoye en lo que necesitemos y que tenga más comunicación con el personal.,Tener más comunicación y opinión al respecto sobre lo que no esté de acuerdo.,
384,2,Masculino,1 a 5 años,20 a 29 años,Manufactura,,,,,,,,Bueno,Regular,Excelente,,,Bueno,Bueno,Excelente,,,,,,,Aplicando lo que el personal proponga para mejorar el ambiente y la satisfacción del personal así como aumento de sueldo y poniendo en el comedor aire acondicionado.,"Que nos bonifiquen más por lo que hacemos, el desempeño de nuestro trabajo, al igual que darnos los mejores equipos de seguridad.",
385,2,Masculino,1 a 5 años,20 a 29 años,Manufactura,,,,,,,,Bueno,Bueno,Bueno,,,Bueno,Bueno,Bueno,,,,,,,Pues yo pienso que mejore el sueldo.,Pues demostrando en mi trabajo que soy bueno.,
386,2,Masculino,1 a 5 años,Menos de 20 años,Manufactura,,,,,,,,Bueno,Bueno,Excelente,,,Bueno,Bueno,Bueno,,,,,,Manufactura:  Mantenimiento - Tardan en reparar las sierras.,Siendo un poco más transparente en lo que nosotros no sepamos y comunicación laboral. Colocar cable en el comedor.,"Con mi compromiso y contagiando buenas vibras, tal vez ser el que dé la iniciativa en los proyectos.",
387,2,Masculino,5 años en adelante,40 a 49 años,Manufactura,,,,,,,,Excelente,Bueno,Bueno,,,Bueno,Bueno,Bueno,,,,,,,Con más comunicación laboral.,Comprometiéndonos más con el trabajo y teniendo más compañerismo.,
388,2,Masculino,1 a 5 años,30 a 39 años,Manufactura,,,,,,,,Bueno,Regular,Bueno,,,Regular,Regular,Regular,,,,,,,Tener más diálogo con los empleados o compañeros.,Tomando en cuenta las opiniones de los compañeros.,
389,2,Masculino,1 a 5 años,20 a 29 años,Manufactura,,,,,,,,Bueno,Bueno,Bueno,,,Bueno,Bueno,Bueno,,,,,,,Mejorar el ambiente de trabajo en los grupos.,"Mejorando las áreas de trabajo por ejemplo, un comedor más amplio porque el que tenemos está pequeño.",
390,2,Masculino,1 a 5 años,30 a 39 años,Manufactura,,,,,,,,Bueno,Regular,Bueno,,,Bueno,Bueno,Bueno,,,,,,,"Pues contar con estacionamiento con techo para motos, poner ventiladores para las inyectoras.","Pues mejorar las mesas en las inyectoras, los asientos de trabajo de las inyectoras.",
391,2,Masculino,1 a 5 años,30 a 39 años,Manufactura,,,,,,,,Bueno,Regular,Regular,,,Regular,Regular,Bueno,,,,,,,"Estacionamiento para motos, comedor.","Tener equipo necesario, mejorar lo que se pide, organización en la parte de arriba de la empresa.",
392,2,No deseo declararlo,5 años en adelante,30 a 39 años,Manufactura,,,,,,,,Bueno,Regular,Regular,,,Regular,Malo,Regular,,,,,,Manufactura:  Mantenimiento - Nunca apoyan.,Promociones.,Más apoyos para los trabajadores.,
393,2,Masculino,Menos de 1 año,30 a 39 años,Manufactura,,,,,,,,Bueno,Bueno,Bueno,,,Bueno,Bueno,Bueno,,,,,,,No aplica.,No aplica.,
394,2,Femenino,Menos de 1 año,20 a 29 años,Capital Humano,,,,,,,,Bueno,Bueno,Regular,,,Bueno,Bueno,Bueno,,,,,,,Limpieza.,Mejorar los aspectos de seguridad.,
395,2,Masculino,5 años en adelante,30 a 39 años,Dirección General,,,,,,,,Excelente,Excelente,Excelente,,,Bueno,Bueno,Bueno,Regular,Bueno,Bueno,Excelente,Regular,,Sin comentarios.,Sin comentarios.,
396,2,Masculino,5 años en adelante,30 a 39 años,Manufactura,,,,,,,,Bueno,Regular,Bueno,,,Malo,Regular,Regular,,,,,,,Construyendo una nave más para engrandecer más la empresa y el acomodo de material.,Con pláticas entre trabajadores y jefes.,
397,2,Masculino,1 a 5 años,20 a 29 años,Manufactura,,,,,,,,Excelente,Bueno,Excelente,,,Bueno,Bueno,Regular,,,,,,Manufactura:  Producción - Gente nueva que le falta capacitación.,ajustando los sueldos de forma seguida sin dejarlo pasar para mayor motivación. Promocionar a gente que en verdad lo merezca.,Dando 100% de mi experiencia en mi departamento,
398,2,Masculino,5 años en adelante,50 en adelante,Manufactura,,,,,,,,Excelente,Bueno,Bueno,,,Bueno,Bueno,Bueno,,,,,,,Contratando gente responsable y con ganas de trabajar.,Trabajando en equipo.,
399,2,Masculino,5 años en adelante,40 a 49 años,Manufactura,,,,,,,,Bueno,Bueno,Bueno,,,,Regular,,,,,,,,No creo que nuestra opinión cuente mucho porque al fin y al cabo eso le corresponde a los altos mandos o directores de la compañía.,"La verdad no tengo nada que aportar, de todas maneras, gracias.",
400,2,Masculino,1 a 5 años,20 a 29 años,Manufactura,,,,,,,,Excelente,Regular,Excelente,,,Malo,Malo,Malo,,,,,,,"Poniendo mucha más atención a todos sus departamentos, escuchando a sus trabajadores para así mejorar.",Compartiendo ideas y que mis ideas sean tomadas en cuenta.,
401,2,Masculino,1 a 5 años,20 a 29 años,Manufactura,,,,,,,,Bueno,Regular,Regular,,,Regular,Bueno,Regular,,,,,,,Brindando más información con el personal directamente con transparencia y claridad. Que la comunicación entre áreas de trabajo sean más eficientes.,"Mostrando actitud de servicio al personal para contagiar el ánimo y buen humor, lo que lleva a un mejor desempeño y realizar el trabajo bien.",
402,2,Masculino,1 a 5 años,30 a 39 años,Manufactura,,,,,,,,Excelente,Bueno,Bueno,,,Bueno,Excelente,Bueno,,,,,,,No mentir en el trabajador dinámico y se continúe. Que el sueldo también se base en el nivel de estudios.,Desde mi trinchera aportaré el 120% de mi trabajo diario. Seguiré los lineamientos establecidos para hacer de manera eficiente mi trabajo.,
403,2,Masculino,5 años en adelante,30 a 39 años,Manufactura,,,,,,,,Excelente,Excelente,Bueno,,,Excelente,Bueno,Bueno,,,,,,,Agregando puntos.,Con más preguntas abiertas.,
404,2,Masculino,1 a 5 años,20 a 29 años,Manufactura,,,,,,,,Excelente,Excelente,Bueno,,,Bueno,Excelente,Bueno,,,,,,,Tomando en cuenta las necesidades del personal al igual que sus opiniones.,Brindando mi opinión.,
405,2,Masculino,Menos de 1 año,30 a 39 años,Manufactura,,,,,,,,Bueno,Regular,Bueno,,,Bueno,Bueno,Bueno,,,,,,,Con más capacitación y exhortación al empleado.,Con comunicación.,
406,2,Masculino,1 a 5 años,Menos de 20 años,Manufactura,,,,,,,,Bueno,Malo,Bueno,,,Bueno,Bueno,Bueno,,,,,,,Mejorar.,Sin comentarios.,
407,2,Masculino,5 años en adelante,40 a 49 años,Manufactura,,,,,,,,Excelente,Excelente,Bueno,,,Bueno,Bueno,Bueno,,,,,,,Sin comentarios.,Sin comentarios.,
408,2,Masculino,5 años en adelante,30 a 39 años,Manufactura,,,,,,,,Excelente,Excelente,Bueno,,,Bueno,Bueno,Regular,,,,,,,Dar a conocer mejor  los cambios a personas en los cambios de puesto.,Dar más oportunidad al trabajador con su opinión en su área de trabajo.,
409,2,Masculino,1 a 5 años,20 a 29 años,Manufactura,,,,,,,,Bueno,Bueno,Bueno,,,Bueno,Bueno,Regular,,,,,,,Que se amplíen las preguntas por área de departamento.,Sin comentarios.,
410,2,Masculino,1 a 5 años,30 a 39 años,Manufactura,,,,,,,,Bueno,Bueno,Bueno,,,Bueno,Bueno,Bueno,,,,,,,Yo creo que resolviendo las dudas que aquí en esta encuesta exponen los trabajadores.,Con mi trabajo y mis opiniones pero siempre y cuando las tomen en cuenta.,
411,2,Masculino,5 años en adelante,50 en adelante,Cadena de Suministro,,,,,,,,Excelente,Excelente,Excelente,,,Excelente,Excelente,Excelente,,,,,,,Trabajando bien.,Trabajar mejor.,
412,2,Masculino,1 a 5 años,40 a 49 años,Manufactura,,,,,,,,Excelente,Bueno,Bueno,,,Bueno,Bueno,Bueno,,,,,,,Tomando en cuenta el desempeño del personal en todos los aspectos para superar.,Teniendo mejor comunicación y empeño.,
413,2,Masculino,1 a 5 años,20 a 29 años,Manufactura,,,,,,,,Excelente,Excelente,Excelente,,,Excelente,Regular,Regular,,,,,,,Mejorar la limpieza en las áreas.,Mejorar en mi trabajo.,
414,2,Masculino,1 a 5 años,20 a 29 años,Capital Humano,,,,,,,,Excelente,Excelente,Excelente,,,Bueno,Bueno,Bueno,,,,,,,Con más capacitaciones y mejoras en las áreas de producción y los departamentos.,Trabajar más en equipo y seguir las reglas de la empresa.,
415,2,Masculino,Menos de 1 año,20 a 29 años,Manufactura,,,,,,,,Bueno,Bueno,Bueno,,,Bueno,Bueno,Bueno,,,,,,,Comprometerse con los empleados en sus necesidades.,Darle prioridad a los de nuevo ingreso.,
416,2,Masculino,5 años en adelante,30 a 39 años,Manufactura,,,,,,,,Bueno,Bueno,Bueno,,,Bueno,Bueno,Regular,,,,,,,Yo pienso que al ser una empresa competitiva ofreciendo mejores sueldos trae como beneficio que a lo mejor el personal no falte.,"Empezando por estar siempre aportando ideas, según el puesto de trabajo.",
417,2,Masculino,1 a 5 años,20 a 29 años,Manufactura,,,,,,,,Excelente,Excelente,Excelente,,,Regular,Regular,Excelente,,,,,,Manufactura:  Almacén y embarques - Necesitamos más espacio para almacenamiento.  Producción - Mejorar en su producción.,Considerando la opinión propuesta del empleado porque somos los que estamos a diario en las máquinas o almacén.,Pues una vez considerando al empleado y las funciones puede ser mejor el trabajo y más eficiente.,
418,2,Masculino,1 a 5 años,30 a 39 años,Manufactura,,,,,,,,Bueno,Bueno,Bueno,,,Excelente,Bueno,Bueno,,,,,,,Con tener más comunicación y tener capacitaciones en el área de trabajo.,Con tenerse respeto entre las áreas conjuntas.,
419,2,Masculino,Menos de 1 año,20 a 29 años,Dirección General,,,,,,,,Bueno,Bueno,Bueno,,,Bueno,Bueno,Regular,,,,,,,Ampliando el área de trabajo y que pongan ventilación.,Cuidando las máquinas y no faltar a trabajar.,
420,2,Masculino,5 años en adelante,30 a 39 años,Manufactura,,,,,,,,Bueno,Excelente,Bueno,,,Bueno,Bueno,Bueno,,,,,,,Contratar gente más responsable. Darle oportunidades de crecimiento a quien lo merece. Capacitándonos un poco más.,Mejor actitud. Responsabilidad en todo. Ganas de trabajar.,
421,2,Masculino,1 a 5 años,20 a 29 años,Manufactura,,,,,,,,Bueno,Regular,Bueno,,,Regular,Regular,Regular,,,,,,Capital humano:  Capital humano - Hace reconocimientos a gente no apta.   Producción - El apoyo de los supervisores es malo.,Motivando a los trabajadores tanto en sueldo para las personas que en verdad se esfuerzano jefes como supervisores que tengan el verdadero valor de liderazgo,Escogiendo mejores inspectores que en verdad brinden apoyo a los compañeros cuando sea necesario.,
422,2,Masculino,5 años en adelante,30 a 39 años,Manufactura,,,,,,,,Bueno,Bueno,Bueno,,,Bueno,Regular,Bueno,,,,,,,Tener más capacitación a sus empleados de nuevo ingreso y que se cumplan los proyectos que aplican.,"Yo le mejoraría el ambiente laboral, capacitar a los jefes de cada área.",
423,2,Masculino,Menos de 1 año,Menos de 20 años,Manufactura,,,,,,,,Regular,Regular,Regular,,,Regular,Regular,Regular,,,,,,,Reconociendo el esfuerzo de los trabajadores.,Con mejores salarios.,
424,2,Masculino,5 años en adelante,20 a 29 años,Manufactura,,,,,,,,Excelente,Excelente,Excelente,,,Bueno,Bueno,Bueno,,,,,,,Fomentar el dar cursos de manejo de personal.,Compañerismo y participación.,
425,2,Masculino,Menos de 1 año,Menos de 20 años,Manufactura,,,,,,,,Bueno,Bueno,Excelente,,,Bueno,Excelente,Excelente,,,,,,,Que nos paguen un poco mejor.,"Que las cosas sean más abiertas, de ayudarnos a aprender un poco más de lo normal.",
426,2,Masculino,1 a 5 años,40 a 49 años,Manufactura,,,,,,,,Excelente,Bueno,Excelente,,,Bueno,Regular,Malo,,,,,,,Que suban los sueldos.,Que las cosas sean más de lo normal.,
427,2,Masculino,1 a 5 años,20 a 29 años,Manufactura,,,,,,,,Bueno,Bueno,Bueno,,,Regular,Regular,Regular,,,,,,,Estar más pendiente en las áreas.,Cumpliendo con mi trabajo.,
428,2,Masculino,5 años en adelante,30 a 39 años,Manufactura,,,,,,,,Excelente,Bueno,Bueno,,,Bueno,Bueno,Bueno,,,,,,,"Dando capacitaciones, más sueldo.","Dando capacitaciones, más apoyo con sueldo.",
429,2,Masculino,1 a 5 años,30 a 39 años,Manufactura,,,,,,,,Bueno,Bueno,Bueno,,,Regular,Regular,Bueno,,,,,,,"Escuchando a la gente, qué tipos de problemas tiene cada uno y cómo se puede mejorar.",Escuchando y resolviendo las inquietudes de los trabajadores.,
430,2,Masculino,Menos de 1 año,20 a 29 años,Manufactura,,,,,,,,Bueno,Bueno,Regular,,,Regular,Regular,Regular,,,,,,,En sus instalaciones.,Ser puntual y mantener mis áreas limpias.,
431,2,Masculino,5 años en adelante,30 a 39 años,Manufactura,,,,,,,,Bueno,Regular,Regular,,,Bueno,Bueno,Bueno,,,,,,,Primero que mejoren el sueldo ellos.,Pues trabajando bien.,
432,2,Masculino,5 años en adelante,30 a 39 años,Manufactura,,,,,,,,Bueno,Regular,Excelente,,,Bueno,Regular,Regular,,,,,,,Sin comentarios.,Con capacitación a la gente nueva y antigua y brindarles mejores prestaciones y sueldo al que lo merezca.,
433,2,Masculino,5 años en adelante,40 a 49 años,Manufactura,,,,,,,,Bueno,Bueno,Bueno,,,Bueno,Bueno,,,,,,,,"Capacitar a los empleados con cursos, en mi caso yo soy superior, de computación.",Con más comunicación entre jefes y empleados.,
434,2,Masculino,1 a 5 años,20 a 29 años,Manufactura,,,,,,,,Bueno,Bueno,Bueno,,,Bueno,Bueno,Bueno,,,,,,,Motivando a la gente a que le echen ganas al trabajo.,"Llevándome bien con mis compañeros, ayudando a la empresa con mis funciones.",
435,2,Masculino,5 años en adelante,30 a 39 años,Manufactura,,,,,,,,Excelente,Excelente,Regular,,,Bueno,Bueno,Excelente,,,,,,,Sin comentarios.,Sin comentarios.,
436,2,Masculino,5 años en adelante,30 a 39 años,Manufactura,,,,,,,,Bueno,Bueno,Bueno,,,Regular,Regular,Malo,,,,,,,"Escuchar y platicar con cada empleado, uno por uno para entender que es lo que le pasa a su alrededor.",Aplicando y llevando a cabo los acuerdos tomados en juntas para el trabajo,
437,2,Masculino,1 a 5 años,20 a 29 años,Manufactura,,,,,,,,Excelente,Bueno,Regular,,,Bueno,Malo,Regular,,,,,,,Que traiga más preguntas.,Que salgan más preguntas sobre el jefe directo y calificarlo.,
438,2,Masculino,Menos de 1 año,20 a 29 años,Dirección General,,,,,,,,Excelente,Bueno,Bueno,,,Regular,Bueno,Bueno,,,,,,,Opino que debería darse un buen sueldo competitivo de acuerdo al trabajo y aprendizaje del empleado.,Cuidando nuestro lugar de trabajo.,
439,2,Masculino,Menos de 1 año,20 a 29 años,Manufactura,,,,,,,,Excelente,Bueno,Excelente,,,Bueno,Excelente,Excelente,,,,,,,Mejorando los guantes.,Mejorar el horario.,
440,2,Masculino,Menos de 1 año,20 a 29 años,Manufactura,,,,,,,,Bueno,Bueno,Bueno,,,Regular,Regular,Regular,,,,,,,"El horario, el turno, mejorar los uniformes, más mejoras en el comedor con más sillas o mesas.","El estacionamiento, pero sobre todas las cosas, los turnos.",
441,2,Masculino,1 a 5 años,20 a 29 años,Manufactura,,,,,,,,Bueno,Bueno,Excelente,,,Bueno,Excelente,Excelente,,,,,,,Que las juntas se hagan en primer turno a la salida.,"Poner un estacionamiento para las bicicletas, las mesas del comedor y el aire acondicionado, los uniformes.",
442,2,Masculino,1 a 5 años,30 a 39 años,Manufactura,,,,,,,,Bueno,Bueno,Bueno,,,Bueno,Regular,Bueno,,,,,,Manufactura:  Mantenimiento - Trabajar más en equipo.,"Pues teniendo jefes de área más comprensivos y sobre todo cuando les hagas un comentario que no compartas con él, que no sean vengativos, abusando de su función en esta empresa ya que ellos dicen entre nosotros y ustedes, pues le creen más a los jefes.","Pues que los jefes no se molesten cuando no compartas con ellos alguna idea, ya que como son los jefes ellos siempre tienen la razón.",
443,2,Masculino,1 a 5 años,20 a 29 años,Manufactura,,,,,,,,Excelente,Excelente,Bueno,,,Bueno,Bueno,Excelente,,,,,,,"Tener buenos horarios para las pláticas, que todo lo que aportemos en el ámbito laboral sea justo.",Que se reconozca el esfuerzo de cada trabajador.,
444,2,Masculino,Menos de 1 año,40 a 49 años,Dirección General,,,,,,,,Bueno,Bueno,Bueno,,,Bueno,Bueno,Bueno,,,,,,,"Tener en cuenta a los operadores de las máquinas, tener mejoramiento en las condiciones de la producción.","Trabajando mejor y teniendo las mejores condiciones en la área, así mismo todo.",
501,3,Masculino,5 años en adelante,30 a 39 años,Manufactura,,,,,Bueno,,Bueno,Bueno,Regular,Regular,,,Bueno,Excelente,Regular,,,,,,la comunicación y el compañerismo son lo principal que se debe de reforzar en planta pacifico norte.,tomando en cuenta y dándole seguimiento a los resultados de las encuestas de clima organizacional ya que todo se hace a medias.,hacer lo que me corresponde cuando se me de alguna retroalimentación de algo que este ocurriendo.,
502,3,Masculino,5 años en adelante,40 a 49 años,Manufactura,Excelente,,,,Excelente,Bueno,Excelente,Excelente,Excelente,Excelente,Excelente,Excelente,Excelente,Excelente,Excelente,,Excelente,Excelente,Excelente,Excelente,"En general todas las áreas en las que interactúo, no tengo ningún problema ",Reconociendo al personal con una mejor recompensa en fin de año.,trabajando en equipo con los colaboradores y jefes.,
503,3,Masculino,5 años en adelante,30 a 39 años,Manufactura,Excelente,,,,Bueno,,Bueno,Bueno,Bueno,Regular,,,Bueno,Bueno,Bueno,,Bueno,,,,,"Enfocándose y dándole seguimiento a los resultados que las encuestas arrojan, en particular planta pacifico norte tiene cinco años a la baja y no hay resultados. ",Promoviendo el liderazgo y trabajo en equipo en nuestra planta,
504,3,Masculino,5 años en adelante,40 a 49 años,Manufactura,Bueno,Bueno,Bueno,,Bueno,Bueno,Bueno,Bueno,Bueno,Bueno,Bueno,Excelente,Bueno,Bueno,Bueno,,,,,,,Sin comentarios.,Sin comentarios.,
505,3,Masculino,5 años en adelante,40 a 49 años,Manufactura,,,,,,,,Bueno,Regular,Regular,,Bueno,Regular,Regular,Regular,,,,,,,Que haya mas fuente de trabajo y compañerismo.,Que haya mas capacitaciones. ,
506,3,Masculino,5 años en adelante,40 a 49 años,Manufactura,,,,,,,,Bueno,,Bueno,,,Malo,Regular,Regular,,,,,,,"Tomar en cuenta a cada uno de nuestra gente, que trabaja en ADS ",Un buen bono,
507,3,Masculino,5 años en adelante,40 a 49 años,Manufactura,Regular,,,,,,,Bueno,Bueno,Bueno,,,Bueno,Regular,Bueno,,,,,,,Sin comentarios.,Sin comentarios.,
508,3,Masculino,1 a 5 años,20 a 29 años,Manufactura,Bueno,Bueno,Bueno,Bueno,Bueno,Bueno,Bueno,Bueno,Bueno,Bueno,Bueno,Bueno,Bueno,Bueno,Bueno,Bueno,Bueno,Bueno,Bueno,Bueno,,Tener mas comunicación. ,Sin comentarios.,
509,3,Masculino,5 años en adelante,40 a 49 años,Manufactura,,,,,,,,Excelente,Bueno,Excelente,,,Bueno,Bueno,Bueno,,,,,,,Que haya un bono y retomar eventos familiares.,Ser mas unidos en todas las actividades. ,
510,3,Masculino,5 años en adelante,40 a 49 años,Manufactura,,,,,,,,Bueno,,Excelente,,,,Bueno,Excelente,,,,,,,"Tomar en cuenta la planta Mochis para festivales, que se realizan en otras plantas y apoyar con un bono de producción.",Comunicación y ser mas competitivos. ,
701,4,Masculino,1 a 5 años,30 a 39 años,Comercial Infraestructura,Regular,Excelente,Malo,Excelente,Regular,Bueno,Regular,Bueno,Excelente,Regular,Bueno,Malo,Excelente,Bueno,Bueno,Excelente,Excelente,Excelente,Bueno,Bueno,Los cursos de ingles se deberia  de hacer para mas personas no solo para exlusivamente para algunas.,Dinamicas de integracion en las reuniones de ¿como vamos?,aprender a escuchar a los compañeros.,
703,4,Femenino,Menos de 1 año,30 a 39 años,Capital Humano,Regular,Regular,Regular,Regular,Regular,Regular,Malo,Bueno,Excelente,Malo,,,,Malo,,Excelente,,,,Malo,Finanzas tener un mejor trato.,"Que exista un mejor horario laboral 8:00 a 5:00 pm, que sea parejo el home office.  Que exitan mejores compensaciones.  ",Poniendo el ejemplo con mis mejores practicas.,
704,4,Masculino,Menos de 1 año,40 a 49 años,Comercial Infraestructura,Bueno,Bueno,Bueno,Bueno,,,Bueno,Regular,Bueno,,Bueno,Excelente,Bueno,,,Bueno,Bueno,Bueno,,,"En general la atención es buena, y no tengo mucha referencia de lo anterior debido a mi corto tiempo laborando en ADS.","El clima Organizacional en general es bueno, creo que una mejora se daría en automático con una mayor interacción de el personal foráneo a las plantas y/o Cedis .",Manteniendo una mayor interacción con el personal de plantas y cedis.,
705,4,Masculino,1 a 5 años,40 a 49 años,Cadena de Suministro,Bueno,Bueno,Malo,Bueno,Bueno,Bueno,Bueno,Bueno,Bueno,Bueno,Bueno,Bueno,Bueno,Bueno,Bueno,Bueno,Bueno,Bueno,Bueno,Bueno,,Promover el trabajo en equipo.  Promover el uso correcto del correo  ,Comunicándome de manera mas eficiente y oportuna,
706,4,Femenino,1 a 5 años,30 a 39 años,Cadena de Suministro,Excelente,Regular,,,Bueno,Bueno,Excelente,Excelente,Bueno,Excelente,Excelente,,Bueno,,Bueno,,,Bueno,,Bueno,tener procesos mas eficientes en varias áreas sin tener que pasar por varios filtros. ,creando un ambiente de confianza entre empresa y empleados       ,Transmitir la información  de  manera clara del por que si ó por que no ante cualquier pregunta. ,
707,4,Femenino,1 a 5 años,20 a 29 años,Comercial Infraestructura,Bueno,Regular,Bueno,Bueno,Regular,Bueno,Excelente,Excelente,Bueno,Bueno,,,,Bueno,,Excelente,Excelente,Excelente,Bueno,Bueno,Compras necesita otro integrante o una mejor organización siempre están saturados de trabajo y no hay avances si no me acerco a presionar.,"Creo que los procesos de promoción, bonos, prestaciones tienen que ser equitativas para el personal, desilusiona mucho ver como tus compañeros tienen privilegios y herramientas que tu no puedes tener.","Colaborando con las áreas, estando en la mejor disposición de ayudar y tratar de hacer el ambiente de trabajo mucho más agradable.",
708,4,Masculino,5 años en adelante,40 a 49 años,Administración y Finanzas,Bueno,Bueno,Bueno,Bueno,Bueno,Bueno,,Bueno,Bueno,Bueno,Bueno,Bueno,Bueno,Bueno,Bueno,Bueno,Bueno,Bueno,Bueno,Bueno,,Apoyando o fomentando el trabajo en equipo,revisando areas de oprtunidad a nuestro alcance y cambiarlo a lo que se considere mejor,
709,4,Masculino,5 años en adelante,40 a 49 años,Comercial Infraestructura,,,,,,,,,,,,,,,,,Excelente,Excelente,,,sin comentarios,Tomando en cuenta al personal ,aportando con nuestras necesidades ,
710,4,Masculino,5 años en adelante,30 a 39 años,Manufactura,Regular,Regular,,Regular,Malo,Bueno,Excelente,Bueno,Regular,Regular,Regular,Bueno,Bueno,Regular,Regular,Regular,Regular,Bueno,Bueno,Bueno,"en lo particular los servicios se dan siempre y cuando uno requiera de algun departamento, nadie busca hacer de mas porque solamente podemos con lo de cada quien.",haciendo que los resultados obtenidos de las encuestas se trasladen en hechos,deperdido informando los resultados o bien quitando de las encuestas lo que sale mal en los años anteriores,
711,4,Femenino,5 años en adelante,30 a 39 años,Cadena de Suministro,Regular,Bueno,Bueno,Bueno,Regular,Regular,Bueno,Excelente,Bueno,Regular,Bueno,Bueno,Bueno,Bueno,Bueno,Bueno,Bueno,Bueno,Regular,Regular,hay tiempos que nos generan cuellos de botella en el área de costos y se requiere de mucho mas seguimiento en el área de compras importaciones.,Generando y dando seguimiento a canales de comunicación eficientes. ,Participando activamente en los eventos grupales y propios de mi departamento.,
712,4,Masculino,5 años en adelante,30 a 39 años,Comercial Infraestructura,Excelente,Regular,Bueno,Bueno,Bueno,Excelente,Bueno,Bueno,Bueno,Bueno,Excelente,Regular,Excelente,Excelente,Excelente,Excelente,Excelente,Excelente,Excelente,Excelente,Existe buen servicio y va mejorando en el ambito de comunicacion.,"La apertura en todos los niveles de la misma, y seguir mejorando la comunicacion. Matnener informando sobre los procesos y sus interacciones.",Mejorando mi trabajo para obtener mejores salidas de infromacion en mi proceso y la calidad en la misma en la entrada de los procesos donde interactuo.,
713,4,Masculino,1 a 5 años,30 a 39 años,Administración y Finanzas,Bueno,Bueno,Bueno,Bueno,Bueno,Bueno,Bueno,Bueno,Bueno,Bueno,Bueno,Bueno,Bueno,Bueno,Bueno,Bueno,Bueno,Bueno,Bueno,Bueno,,Haciendo que todos participen,Colaborando día a día con mi trabajo y apoyando más a nuevos proyectos no nada mas de mi departamento sino de todos los demás,
714,4,Femenino,Menos de 1 año,20 a 29 años,Capital Humano,Bueno,,Bueno,Regular,Regular,Bueno,Bueno,Excelente,Excelente,Regular,,,Bueno,Bueno,Bueno,Bueno,,Bueno,Malo,Regular,"Tener una oferta de servicio clara en finanzas, los procesos de tesorería y compras se tardan mucho. ",Mas comunicación de los directores con los empleados. Mejorar nuestras instalaciones. ,Viviendo los valores de ADS. ,
715,4,Femenino,1 a 5 años,40 a 49 años,Comercial Infraestructura,Excelente,Bueno,Bueno,Bueno,Bueno,Bueno,Bueno,Bueno,Bueno,Bueno,Excelente,Bueno,Bueno,Bueno,Bueno,Bueno,Bueno,Excelente,,,Todos trabajan en equipo para un mejor servicio al cliente,Realizando reuniones presenciales periódicas de resultados con equipo comercial.,Estoy abierta a todo lo que se me proponga para el bien común tanto de la empresa como mio,
716,4,Femenino,1 a 5 años,20 a 29 años,Administración y Finanzas,Bueno,Bueno,Bueno,Bueno,Bueno,Bueno,Bueno,Bueno,Bueno,Bueno,Bueno,Bueno,Bueno,Bueno,Bueno,Bueno,Bueno,Bueno,Bueno,Bueno,,"Fomentar la sociabilidad y el trabajo en equipo debería ser uno de los valores de empresa ya que mejora el desempeño, disminuye el estrés y permite el aprendizaje continuo.",Fomentar el respeto,
717,4,Femenino,5 años en adelante,30 a 39 años,Dirección General,Bueno,Regular,,Bueno,Bueno,Regular,Excelente,Bueno,Regular,Bueno,Bueno,Bueno,Bueno,Bueno,Regular,Bueno,,Bueno,Malo,Malo,.,"poniendo mayor atención y mejorando en lo que al personal le interesa, estacionamiento, es esfuerzo tener un vehículo y todos lo cuidamos pero el dejarlo todo el día bajo sol lo daña.",trabajando en equipo  compartiendo a otras areas lo que necesiten de mi área y equipo  cuidando las instalaciones  reportando lo que esta mal ,
718,4,Femenino,1 a 5 años,20 a 29 años,Capital Humano,Bueno,,Bueno,Bueno,Bueno,,Excelente,Excelente,Excelente,Bueno,,,Bueno,Regular,Bueno,Excelente,Bueno,,,,Buen servicio,Poniendo más atención en la necesidad y crecimiento de su personal ,Mejorando el servicio que les doy a mis clientes internos ,
719,4,Masculino,5 años en adelante,30 a 39 años,Manufactura,,,Bueno,Bueno,Bueno,,Bueno,,,,,,Regular,Bueno,Bueno,Bueno,,,,,en producción y embarques,que den mas prestaciones al empleado,trabajar en equipo,
720,4,Masculino,5 años en adelante,30 a 39 años,Administración y Finanzas,Regular,Bueno,Regular,Bueno,Bueno,Bueno,Bueno,Bueno,Bueno,Regular,,,Regular,Regular,Regular,Regular,,,,,,DANDOLE MAS VALOR AL PERSONAL  !!,?,
721,4,Femenino,5 años en adelante,30 a 39 años,Comercial Infraestructura,Bueno,Regular,Bueno,Bueno,Regular,Bueno,Bueno,Bueno,Bueno,Bueno,Bueno,Bueno,Bueno,Bueno,Bueno,Bueno,Bueno,Bueno,Bueno,Bueno,,.,.,
722,4,Masculino,1 a 5 años,30 a 39 años,Comercial Infraestructura,Excelente,Bueno,Bueno,Bueno,Bueno,,Excelente,Excelente,Excelente,,,Excelente,,,,Excelente,Excelente,Excelente,,,,"Teniendo mejores lideres , ",respetando nuestros puntos de opinion y de mejora.,
723,4,Femenino,1 a 5 años,20 a 29 años,Comercial Infraestructura,Bueno,Bueno,Bueno,Bueno,Regular,,Bueno,Bueno,Bueno,Bueno,Bueno,Bueno,Bueno,Bueno,Bueno,Bueno,Bueno,Bueno,Bueno,Bueno,,Siendo transparentes en sus procesos y viendo por el crecimiento profesional y personal de sus empleados,"Aportando lo mejor de mí, brindando mi ayuda y soluciones a quien lo necesite, viendo la manera en la que si se puedan realizar las cosas.",
724,4,Masculino,5 años en adelante,40 a 49 años,Comercial Infraestructura,Excelente,,,Excelente,Bueno,,Excelente,Excelente,,,Excelente,Excelente,Excelente,Bueno,Excelente,Excelente,Excelente,Excelente,,,,Cambio de cultura,Haciendo lo que me toca y brindar servicios de excelencia,
725,4,Masculino,5 años en adelante,30 a 39 años,Manufactura,Excelente,,,,Excelente,,Excelente,Excelente,Excelente,Excelente,,,Excelente,Excelente,Excelente,Excelente,Excelente,,,,,MAS INTERACCION ENTRE DEPARTAMENTOS,MAS INTERACCION ENTRE DEPARTAMENTOS,
726,4,Masculino,Menos de 1 año,20 a 29 años,Comercial Infraestructura,Excelente,,Excelente,,Excelente,,Excelente,Excelente,Excelente,Excelente,Excelente,Excelente,Excelente,Excelente,Excelente,Excelente,Excelente,Excelente,Excelente,Excelente,,"Integración entre empleados y áreas.  Continuar con actividades de participación voluntaria, hasta generar la motivación de involucrase a los empleados.","Amabilidad, disponibilidad, buen trato y respeto a los compañeros.  Participación en actividades que involucren a todas las áreas.",
727,4,Femenino,1 a 5 años,20 a 29 años,Administración y Finanzas,,Bueno,,Bueno,,Excelente,Bueno,Bueno,Bueno,,,Regular,Bueno,,,,,,Bueno,Bueno,Todo bien.,"Preparando a los Jefes a un nivel de liderazgo motivacional para convertirlos en eso, lideres.",Comprometiéndome a aprender mucho más y que ese mismo aprendizaje yo poder enseñárselo a los compañeros que así lo requieran.,
728,4,Masculino,5 años en adelante,40 a 49 años,Administración y Finanzas,Excelente,Excelente,Excelente,Excelente,Excelente,Excelente,Excelente,Excelente,Bueno,Bueno,Excelente,Bueno,Bueno,Excelente,Excelente,Excelente,Excelente,Excelente,Excelente,Excelente,BUENA ATENCION,TOMANDO EN CUENTA LAS SUGERENCIA DE LOS TRABAJADORES,BUENO PUES DANDO LO MEJOR DE MI Y SEGUIR CON EL BUEN TRATO CON EL PERSONAL,
729,4,Masculino,5 años en adelante,30 a 39 años,Administración y Finanzas,Bueno,,Bueno,,Bueno,Bueno,,Bueno,Bueno,Bueno,,Bueno,,,,Bueno,,,,,,Creo que las encuestas no debieran de tener # de usuario puesto que pudieran saber quien las realizo y estas encuestas deberian de ser anonimas para que la gente pueda contestar realmente su sentir. ,"Creo que es muy importante tener comunicacion entre los departamentos, aqui trabajamos para ADSM y no para un departamento en particular.",
730,4,Femenino,5 años en adelante,50 en adelante,Dirección General,Bueno,,,Bueno,,,,,,,,,,,,,,Bueno,,,"En mantenimiento, tengo casi un año sin luz necesaria en mi lugar de trabajo","Con capacitacion en cada area, y difundir mas lo del servicio al cliente, externo e interno, ","Como el comentario anterior, con capacitacion y sobre todo una buena comunicacion.",
731,4,Masculino,5 años en adelante,30 a 39 años,Cadena de Suministro,Excelente,Bueno,Bueno,Bueno,Regular,Bueno,Bueno,Bueno,Bueno,Bueno,Bueno,Bueno,Bueno,Regular,Bueno,Regular,Regular,Regular,Regular,Regular,,"Reconocer a los empleados, motivarlos con incentivos y tener flexibilidad de horarios.",Respetando a mis compañeros de trabajo ,
732,4,Masculino,1 a 5 años,20 a 29 años,Dirección General,,Bueno,Bueno,Excelente,Bueno,Bueno,Excelente,Excelente,Bueno,Bueno,Regular,Excelente,Bueno,Regular,Regular,Excelente,Bueno,Bueno,,,,Reconociendo de verdad el valor de su capital humano,,
733,4,Masculino,1 a 5 años,30 a 39 años,Cadena de Suministro,Bueno,Regular,Bueno,Regular,Regular,Regular,Bueno,Bueno,Regular,Regular,Bueno,,Regular,,Bueno,,,,Regular,Bueno,,La discrecionalidad no debe existir,"Hay mucha gente que es tóxica, tiene mucho tiempo en la organización que ya no solo esta viciada, si no que no aporta y contamina a las personas que llegan.",
734,4,Masculino,5 años en adelante,40 a 49 años,Comercial Infraestructura,Bueno,Excelente,Excelente,,Bueno,,Regular,Excelente,Excelente,Bueno,Excelente,Excelente,Bueno,Bueno,Excelente,Excelente,Excelente,Excelente,Bueno,Bueno,,Mejorar la comunicación entre departamentos y las direcciones,"Con este tipo de encuestas, ya que siempre realizamos nuestras autocapacitaciones",
735,4,Masculino,1 a 5 años,40 a 49 años,Administración y Finanzas,Excelente,Excelente,Excelente,Bueno,Excelente,Regular,Bueno,Bueno,Bueno,Regular,Excelente,Bueno,Bueno,,Excelente,,,Excelente,Excelente,Bueno,,Debemos reforzar los valores y cultura,,
736,4,Masculino,5 años en adelante,40 a 49 años,Comercial Infraestructura,Bueno,Regular,,,,,Bueno,Bueno,Bueno,Bueno,Bueno,Bueno,Bueno,,,,,,,,,,,
737,4,Masculino,5 años en adelante,30 a 39 años,Manufactura,Excelente,Regular,,,,,Excelente,Bueno,Malo,Malo,Bueno,,Regular,Bueno,Bueno,,Excelente,,,,,dando el bono que quito a los empleados en diciembre,,
738,4,Masculino,1 a 5 años,30 a 39 años,Administración y Finanzas,Bueno,Excelente,Bueno,Bueno,Bueno,Bueno,,Bueno,Regular,Bueno,Bueno,Bueno,Bueno,Bueno,Bueno,Bueno,Bueno,Bueno,Bueno,Bueno,"Me gustaría que si la encuesta es de carácter confidencial, no tuviera un numero de usuario ya que me hace pensar que no lo es.",Tomando en cuenta y aplicando la información obtenida en encuestas.,,
739,4,Masculino,1 a 5 años,30 a 39 años,Manufactura,Excelente,Excelente,Excelente,Excelente,Excelente,Excelente,Excelente,Excelente,Excelente,Malo,Excelente,Excelente,Excelente,Bueno,Bueno,Bueno,Bueno,Excelente,,,,,,
740,4,Masculino,1 a 5 años,30 a 39 años,Capital Humano,Regular,Malo,,Regular,Malo,,Bueno,Bueno,Regular,Bueno,,,Bueno,Malo,Bueno,Bueno,Regular,,,,,,,
741,4,Masculino,5 años en adelante,40 a 49 años,Manufactura,,,,,,Bueno,Bueno,Bueno,Bueno,Regular,Bueno,Bueno,Bueno,Bueno,Bueno,,,,,,,,,
742,4,Masculino,5 años en adelante,40 a 49 años,Comercial Infraestructura,Bueno,Bueno,Bueno,Bueno,Bueno,Bueno,Bueno,Bueno,Bueno,Bueno,Bueno,Regular,Bueno,Bueno,Bueno,Bueno,Bueno,Bueno,Bueno,Bueno,,,,
743,4,Masculino,Menos de 1 año,30 a 39 años,Capital Humano,Bueno,,Excelente,Regular,Bueno,,Regular,Excelente,Bueno,Regular,,,,,,Excelente,,,,,,Contando con mayores canales de comunicación,,
744,4,Femenino,1 a 5 años,20 a 29 años,Administración y Finanzas,,,,,,,,,,,,,,,,,,,,,,,,
745,4,Masculino,1 a 5 años,40 a 49 años,Dirección General,Excelente,Bueno,Excelente,Excelente,Excelente,Excelente,Excelente,Excelente,Excelente,Excelente,Excelente,Excelente,Excelente,Excelente,Excelente,Excelente,Excelente,Excelente,Excelente,Excelente,,,,
746,4,Masculino,5 años en adelante,40 a 49 años,Manufactura,,,,,,,Excelente,Excelente,Excelente,Excelente,Excelente,Excelente,Bueno,Regular,Bueno,,Excelente,,,,,,,
747,4,Masculino,5 años en adelante,50 en adelante,Manufactura,Excelente,,,Bueno,Regular,Bueno,Bueno,Bueno,Bueno,Bueno,Bueno,Bueno,Bueno,Regular,Bueno,Bueno,Bueno,Bueno,Bueno,Bueno,,,,
748,4,Femenino,Menos de 1 año,30 a 39 años,Administración y Finanzas,Excelente,Excelente,Excelente,Excelente,Excelente,Excelente,Excelente,Excelente,Excelente,Excelente,Excelente,Excelente,Excelente,,Excelente,,,,,,,,,
749,4,Femenino,Menos de 1 año,20 a 29 años,Cadena de Suministro,Bueno,,,,Bueno,,Bueno,Bueno,Bueno,Bueno,Excelente,Bueno,Bueno,Bueno,Bueno,,Bueno,Bueno,Bueno,Bueno,,,,
750,4,Femenino,Menos de 1 año,30 a 39 años,Capital Humano,Excelente,,Excelente,Bueno,,,Excelente,,Excelente,Regular,,,,Regular,,,,,,,,,,
751,4,Masculino,Menos de 1 año,20 a 29 años,Comercial Infraestructura,,,,,,,Bueno,Bueno,Excelente,Bueno,,,,,,Bueno,Excelente,Bueno,,,,,,
752,4,Masculino,1 a 5 años,30 a 39 años,Comercial Infraestructura,Excelente,,,,,,,,,,,,,,,,,,,,,,,
753,4,Masculino,5 años en adelante,40 a 49 años,Manufactura,,,,,,,Excelente,Bueno,Bueno,Bueno,Bueno,Bueno,Bueno,,,,,,,,,,,
754,4,Masculino,1 a 5 años,40 a 49 años,Administración y Finanzas,Excelente,Excelente,Excelente,Excelente,Excelente,Excelente,Excelente,Excelente,Excelente,Excelente,Excelente,Excelente,Excelente,Excelente,Excelente,Excelente,Excelente,Excelente,Excelente,Excelente,,,,
755,4,Femenino,5 años en adelante,40 a 49 años,Administración y Finanzas,,Bueno,Bueno,Bueno,Bueno,Bueno,Bueno,Bueno,Bueno,Bueno,,,,,,,,,,,,,,
756,4,Femenino,1 a 5 años,30 a 39 años,Administración y Finanzas,Regular,Excelente,Bueno,Excelente,Excelente,Excelente,Bueno,Regular,Regular,Malo,,Bueno,Regular,,,,,Regular,Regular,Regular,,,,
757,4,Masculino,1 a 5 años,40 a 49 años,Comercial Infraestructura,Bueno,,Regular,Bueno,Bueno,,Bueno,Bueno,Bueno,,,,,,Regular,Bueno,Regular,Bueno,Bueno,,,,,
758,4,Femenino,Menos de 1 año,30 a 39 años,Administración y Finanzas,Regular,Regular,Regular,Bueno,Bueno,Regular,Bueno,Bueno,Bueno,Regular,Bueno,Bueno,Regular,Regular,Bueno,Bueno,Bueno,Bueno,Bueno,Bueno,,,,
759,4,Masculino,5 años en adelante,40 a 49 años,Comercial Infraestructura,Excelente,Regular,Regular,Excelente,Regular,Excelente,Bueno,Excelente,Excelente,Excelente,Regular,Bueno,Bueno,Bueno,Bueno,Excelente,Bueno,Excelente,Excelente,Bueno,,,,
760,4,Masculino,Menos de 1 año,40 a 49 años,Comercial Infraestructura,,Excelente,Bueno,Bueno,Regular,Bueno,Excelente,Bueno,Excelente,Bueno,Bueno,Excelente,Bueno,,,Excelente,Bueno,Excelente,,,,,,
761,4,Masculino,5 años en adelante,40 a 49 años,Manufactura,Bueno,Regular,Bueno,Excelente,Bueno,Bueno,Bueno,Bueno,Regular,Regular,Bueno,Bueno,Bueno,Bueno,,Regular,Bueno,Bueno,Bueno,Bueno,,,,
762,4,No deseo declararlo,5 años en adelante,30 a 39 años,Cadena de Suministro,Malo,Malo,Malo,Regular,Malo,Regular,Regular,Regular,Regular,Regular,Regular,Regular,Regular,Regular,Regular,Bueno,Regular,Regular,Regular,Regular,,Tomando acciones en los lugares con ambientes tóxicos de la gente de cada área,,No participar en grupos tóxicos
763,4,No deseo declararlo,5 años en adelante,20 a 29 años,Administración y Finanzas,Regular,Regular,Bueno,Bueno,Malo,Bueno,Malo,Regular,Regular,Regular,Malo,Malo,Regular,Regular,Regular,Regular,Regular,Regular,Malo,Malo,,,,
764,4,Masculino,1 a 5 años,30 a 39 años,Administración y Finanzas,Bueno,Bueno,Bueno,Bueno,Excelente,Bueno,Excelente,Bueno,Bueno,Bueno,Bueno,Bueno,Bueno,Bueno,Bueno,Bueno,Bueno,Bueno,Bueno,Bueno,,,,
765,4,Masculino,5 años en adelante,50 en adelante,Manufactura,Bueno,Regular,Bueno,,Regular,,Bueno,Excelente,Bueno,Bueno,Excelente,,Bueno,Bueno,Bueno,Excelente,Bueno,Bueno,Excelente,Bueno,,,,
766,4,Masculino,Menos de 1 año,20 a 29 años,Comercial Infraestructura,Bueno,Regular,Regular,Bueno,Malo,Regular,Excelente,Bueno,Excelente,Regular,Bueno,Regular,Bueno,Regular,Bueno,,Excelente,Excelente,Bueno,Bueno,,,,
767,4,Masculino,1 a 5 años,20 a 29 años,Comercial Infraestructura,,Excelente,Excelente,Excelente,Excelente,Excelente,Excelente,Excelente,Excelente,Excelente,Excelente,Excelente,Excelente,Excelente,Excelente,Excelente,Excelente,Excelente,Excelente,Excelente,,,,
768,4,Masculino,1 a 5 años,20 a 29 años,Manufactura,,,,,,,Excelente,Excelente,Excelente,Excelente,Excelente,Excelente,Excelente,Excelente,,,,,,,,,,
769,4,Masculino,5 años en adelante,40 a 49 años,Manufactura,,,,,,,,Bueno,Bueno,Bueno,,,,,,,,,,,,,,
770,4,Femenino,Menos de 1 año,20 a 29 años,Administración y Finanzas,Regular,Bueno,Bueno,Bueno,Excelente,Bueno,Bueno,Bueno,Regular,Regular,Bueno,Bueno,Bueno,Bueno,Bueno,Regular,Bueno,Regular,Regular,Regular,,,,
771,4,Femenino,Menos de 1 año,30 a 39 años,Comercial Infraestructura,Bueno,Bueno,Regular,Bueno,Regular,Bueno,Excelente,Bueno,,Regular,Bueno,Bueno,Bueno,Regular,Bueno,Bueno,Bueno,,Bueno,Bueno,,,,
772,4,Masculino,1 a 5 años,50 en adelante,Comercial Infraestructura,Regular,Bueno,Regular,Bueno,Regular,,Regular,Bueno,Bueno,,Bueno,Bueno,Bueno,,Bueno,Bueno,Bueno,Bueno,Bueno,Bueno,,,,
773,4,Femenino,1 a 5 años,40 a 49 años,Administración y Finanzas,Bueno,Bueno,Bueno,,Bueno,Bueno,Bueno,Bueno,Bueno,Bueno,Bueno,Regular,Bueno,Bueno,Bueno,Bueno,Bueno,Bueno,Bueno,Bueno,,,,
774,4,Masculino,5 años en adelante,20 a 29 años,Cadena de Suministro,Bueno,Regular,Bueno,Bueno,Bueno,Bueno,Excelente,Bueno,Bueno,Bueno,Bueno,Bueno,Bueno,Bueno,Bueno,,,,Bueno,Bueno,,,,
775,4,Femenino,5 años en adelante,30 a 39 años,Administración y Finanzas,Regular,Bueno,Bueno,Bueno,Bueno,Bueno,Bueno,Regular,Regular,Regular,Regular,Regular,Regular,Bueno,Regular,Regular,Regular,Regular,Regular,Regular,,,,
776,4,Masculino,5 años en adelante,30 a 39 años,Administración y Finanzas,Bueno,Bueno,Bueno,Bueno,,Bueno,Bueno,Bueno,Bueno,Bueno,Bueno,Bueno,Bueno,Bueno,Bueno,Bueno,Bueno,Bueno,Bueno,Bueno,,,,
778,4,Masculino,1 a 5 años,40 a 49 años,Dirección General,Excelente,Bueno,Bueno,Excelente,Excelente,Regular,Excelente,Excelente,Excelente,Regular,Excelente,Bueno,Bueno,Bueno,Bueno,Excelente,Bueno,Excelente,Regular,Excelente,,,,
779,4,Masculino,5 años en adelante,30 a 39 años,Manufactura,,,,,,,,Bueno,Regular,Regular,,,Bueno,Bueno,Bueno,,,,,,,,,
780,4,Masculino,Menos de 1 año,30 a 39 años,Manufactura,,,,,,,,Excelente,Excelente,Bueno,Bueno,Bueno,Bueno,Regular,Bueno,Bueno,Bueno,Bueno,Bueno,Bueno,Capital Humano:  Nóminas - Muy amable el personal.  Capital humano - Me tratan muy bien.,Que haya más capacitación para el personal de operación.,Que nos pongan más atención en cuanto a propuestas que hagamos,
781,4,Masculino,5 años en adelante,20 a 29 años,Manufactura,,,,,,,,Excelente,Malo,Malo,,,Regular,Malo,Regular,,,,,,Capital humano:  Nóminas - Muy amable el personal.  Capital humano - El personal no se presta para platicar. ,Poniendo más atención en el personal y sus exigencias.,,
782,4,Masculino,5 años en adelante,40 a 49 años,Capital Humano,,,,,,,,Regular,Malo,Malo,,,,Regular,,,,,,,"Capital humano - Tener un mayor acercamiento de parte de R.R.H.H. con manufactura.  Seguridad - Por parte de seguridad, es una empresa pésima en dar su servicio.    ",Tener mayor acercamiento con áreas de producción y embarques por parte de dirección general y R.R.H.H.,,
783,4,Masculino,1 a 5 años,20 a 29 años,Manufactura,,,,,,,,Excelente,,,,,Regular,Bueno,Bueno,,,,,,Manufactura:  Almacén y embarques - Tu tienes que buscar tu material.  Producción - Deberían tapar goteras.,Regresando las prestaciones que tenían antes,,
784,4,Masculino,Menos de 1 año,20 a 29 años,Manufactura,,,,,,Bueno,,Bueno,Bueno,Bueno,Bueno,Bueno,Bueno,Regular,Regular,,,,,,,Reclutando personal con más experiencia y más seguridad.,,
785,4,Masculino,5 años en adelante,40 a 49 años,Manufactura,,,,,,,,Bueno,Bueno,Regular,,,Regular,Regular,Regular,,,,,,Capital humano:  Capital humano - No nos tratan como antes.  Seguridad - Muy rotativos.,,,
786,4,Femenino,5 años en adelante,50 en adelante,Capital Humano,,,,,,,,,Excelente,Excelente,,Excelente,,,,,,,,,Cadena de suministro:  Logística y servicio al cliente - Amables.,,,
787,4,Masculino,1 a 5 años,20 a 29 años,Manufactura,Regular,,Bueno,,,Regular,,Bueno,Bueno,Regular,,,Bueno,Bueno,Bueno,,,,,,,,,
788,4,Femenino,5 años en adelante,50 en adelante,Capital Humano,,,,,,,,Bueno,Bueno,Bueno,,,Bueno,,,,,,,,Capital humano:  Nóminas -  Los recibos están a tiempo.  Capital humano - Son conscientes en un permiso. ,,,
789,4,Femenino,5 años en adelante,50 en adelante,Capital Humano,,,,,,,,Excelente,Regular,Regular,,,,,,,,,,,Capital humano:  Nóminas - Trato amable con la gente.  Capital humano - No tienen trato con la gente.  Seguridad - No se dan cuenta quien entra.,"Pidiendo la opinión de la gente, hay gente nueva de Recursos Humanos que ni siquiera saluda.",,
790,4,Masculino,Menos de 1 año,20 a 29 años,Capital Humano,,,,,,,,,,Regular,Regular,Regular,Regular,Regular,Regular,,,,,,,,,
791,4,Masculino,1 a 5 años,30 a 39 años,Capital Humano,,,,,,,,Excelente,Regular,Regular,,,,,,,,,,,Capital humano:  Nóminas - Tenemos nuestros recibos a tiempo.  Capital humano - Nos falta más recursos en el área donde trabajamos.,,,
792,4,Masculino,5 años en adelante,40 a 49 años,Manufactura,,,,,,,,Excelente,Excelente,,,,Excelente,,Excelente,,,,,,,,,
793,4,Masculino,1 a 5 años,30 a 39 años,Manufactura,,,,,,,,Bueno,Bueno,Malo,,,,Regular,Regular,,,,,,,,,
794,4,Masculino,5 años en adelante,30 a 39 años,Manufactura,,,,,,,,Malo,Malo,Malo,,,Malo,,,,,,,,,,,
795,4,Masculino,5 años en adelante,50 en adelante,Manufactura,Excelente,,,,,,,Excelente,Bueno,Excelente,,,Excelente,Excelente,Excelente,Excelente,Excelente,Excelente,,,,,,
796,4,Masculino,5 años en adelante,30 a 39 años,Manufactura,,,,,,,,Bueno,Bueno,Bueno,Regular,,Malo,Bueno,Bueno,,,,,,Manufactura:  Almacén y embarques - No contamos con refacciones suficientes.  Mantenimiento - Equipo de trabajo muy individualizado.,,,
797,4,Masculino,1 a 5 años,30 a 39 años,Manufactura,,Bueno,Regular,Bueno,Malo,Regular,Regular,Regular,Malo,Malo,Regular,Bueno,Malo,Bueno,Bueno,Bueno,Bueno,Regular,Bueno,Bueno,Administración y finanzas:  Compras - Últimamente no quieren comprar nada.    Manufactura:  Almacén y embarques - No hay nada.  Mantenimiento - No tienen herramienta.,,,
798,4,Masculino,Menos de 1 año,30 a 39 años,Manufactura,,,,,,,,Bueno,Bueno,Bueno,Bueno,,Bueno,Bueno,Bueno,,,,,,,,,
799,4,Masculino,5 años en adelante,20 a 29 años,Capital Humano,,,,,,,,Excelente,Bueno,Regular,,,,,,,,,,,Capital humano:  Nóminas - Buen servicio.  Seguridad - Hacen curso cuando ya pasaron las cosas.,Dar mejores prestaciones,,
800,4,Masculino,1 a 5 años,40 a 49 años,Manufactura,Bueno,,,,,,,Bueno,Regular,Regular,,,Malo,Regular,Regular,,,,,,Capital humano:  Seguridad - Necesitamos uniformes de invierno a tiempo.    Manufactura:  Almacén y embarques -  En almacén de refacción no hay suficientes refacciones casi nunca.,"Yo creo que mejorar un poco sus prestaciones e instalaciones, y motivaciones para el trabajador.",,
801,4,Masculino,Menos de 1 año,20 a 29 años,Manufactura,,,,,,,,Excelente,Excelente,Bueno,Bueno,,Regular,Excelente,Bueno,,Bueno,,Bueno,Bueno,Manufactura:  Almacén y embarques - Falta mucho material y refacciones en almacén. Piden en poca cantidad recursos muy utilizados.,,,
802,4,Masculino,Menos de 1 año,20 a 29 años,Dirección General,,,,,,,,Excelente,Excelente,Excelente,,,,,,,,,,,Capital humano:  No tengo ningún problema.,,,
803,4,Masculino,1 a 5 años,20 a 29 años,Manufactura,,,,,,,,Malo,Malo,Malo,,,Malo,Regular,Bueno,,,,,,Capital humano:  Nóminas - Muchas fallas en el pago.,,,
804,4,Masculino,5 años en adelante,30 a 39 años,Manufactura,Regular,,,,,,,Bueno,Bueno,Bueno,,,Bueno,Bueno,Bueno,,,,,,Capital humano:  Seguridad - Falta equipo de seguridad.  Mantenimiento - Las herramientas de trabajo no están adecuadamente.  Producción - El trato de las personas.,"Dando más prestaciones, más pláticas de seguridad, motivando a la gente.",,
805,4,Masculino,5 años en adelante,40 a 49 años,Manufactura,,,,,,,,Excelente,Excelente,Excelente,,,,,,,,,,,Capital humano:  Nóminas - Las nóminas a tiempo.  Capital humano - Las ventas.  Seguridad - Cambios en Accidentes.,,En el transporte (no hay).,
806,4,Masculino,5 años en adelante,40 a 49 años,Manufactura,,,,,,,,Excelente,Bueno,Bueno,,,Bueno,Bueno,Bueno,,,,,,,,,
807,4,Masculino,1 a 5 años,20 a 29 años,Manufactura,,,,,,,,Excelente,Regular,Regular,,,Regular,Regular,Bueno,,,,,,"Capital humano -  Sigue igual, no hay cambio.  Seguridad - Falta de equipos de seguridad y capacitación.",,,
808,4,Masculino,Menos de 1 año,20 a 29 años,Manufactura,,,,,,,,Excelente,Bueno,Bueno,,,Excelente,Excelente,Excelente,,,,,,Capital humano:  Nóminas - Excelente trato hacia el personal.  ,,,
809,4,Masculino,5 años en adelante,50 en adelante,Manufactura,,,,,,,,Bueno,,Regular,,,,,Malo,,,,,,Capital humano:  Nóminas - Mejora en el servicio.  Seguridad - Falta equipo de seguridad.    Manufactura:  Producción - Falta de herramientas y equipos.,,,
811,4,Masculino,Menos de 1 año,20 a 29 años,Manufactura,,,,,,,,Excelente,Excelente,Bueno,,,,,,,,,,,Capital humano:  Nóminas - Siempre puntual.  Capital humano - Muy bien.  Seguridad - Muy bien.,,,
812,4,Masculino,5 años en adelante,40 a 49 años,Manufactura,,,,,,,,Regular,Regular,Regular,,,Regular,,,,,,,,Capital humano:  Nóminas - Por rotación de personal.  Capital humano - Por rotación de personal.    Manufactura:  Almacén y embarques - Por rotación de personal.,,,
813,4,Masculino,5 años en adelante,50 en adelante,Manufactura,,,,,,,,Bueno,Regular,Regular,,,,,Regular,,,,,,Capital humano:  Nóminas - No he tenido problemas.,,,
814,4,Masculino,1 a 5 años,20 a 29 años,Manufactura,,,,,,,,Bueno,Bueno,Bueno,,,Bueno,Regular,Bueno,,,,,,,,,
815,4,Masculino,Menos de 1 año,20 a 29 años,Manufactura,,,,,,,,Excelente,Excelente,Bueno,,,Bueno,Excelente,Excelente,,,,,,,,,
816,4,Masculino,Menos de 1 año,20 a 29 años,Administración y Finanzas,,,,,,,,Bueno,Bueno,Bueno,,,,,,,,,,,Capital humano:  Nóminas - Los pagos son puntuales.  Capital humano - Te brindan el mejor servicio.  Seguridad - Están al corriente.,,,
817,4,Masculino,5 años en adelante,30 a 39 años,Manufactura,,,,,Malo,,,Bueno,Malo,Malo,Malo,,Malo,Regular,Malo,,,,,,Administración y finanzas:  Compras - No hay refacciones en almacén.    Seguridad - Falta mejorar mucho.,,,
818,4,Masculino,5 años en adelante,40 a 49 años,Manufactura,Regular,,,,,,,Bueno,Regular,Regular,,,,Bueno,Bueno,,,,,,Seguridad - Falta inversión para la seguridad.    Manufactura:  Mantenimiento - Falta mejorar el área.,,,
819,4,Masculino,1 a 5 años,20 a 29 años,Manufactura,,,,,,,,Bueno,Bueno,Bueno,,,Bueno,,,,,,,,Manufactura:  Almacén y embarques - Te atiende cuando necesitas material.  Mantenimiento - Hace falta revisión en las unidades.,,,
820,4,Masculino,5 años en adelante,30 a 39 años,Manufactura,,Excelente,Bueno,Regular,,,,Excelente,,Excelente,,,Excelente,Excelente,Excelente,,,,,,Capital humano:  Nóminas - Mejoró.    Manufactura:  Almacén y embarques - Mejoró.  Mantenimiento - Mejoró.,,,
821,4,Masculino,1 a 5 años,30 a 39 años,Manufactura,,,,,,,,Excelente,Excelente,Bueno,,,Bueno,Bueno,Bueno,,,,,,"Capital humano:  Nóminas - Aclaran dudas, recibos a tiempo y pago.  Capital humano - Cambios seguido.  Seguridad - Ha habido mucho respeto.",,Cambiaría a mi jefe José Refugio ya que es una persona irrespetuosa y se cruza la línea,
